"COU","Pays","POL","Polluant","VAR","Variable","YEA","Année","Unit Code","Unit","PowerCode Code","PowerCode","Reference Period Code","Reference Period","Value","Flag Codes","Flags"
"AUS","Australie","GHG","Gazs à effet de serre","TOTAL","Emissions totales exluant l'UTCF","2010","2010","T_CO2_EQVT","Tonnes d'équivalent CO2","3","Milliers",,,535549.224,,
"AUS","Australie","GHG","Gazs à effet de serre","TOTAL","Emissions totales exluant l'UTCF","2011","2011","T_CO2_EQVT","Tonnes d'équivalent CO2","3","Milliers",,,537205.495,,
"AUS","Australie","GHG","Gazs à effet de serre","TOTAL","Emissions totales exluant l'UTCF","2012","2012","T_CO2_EQVT","Tonnes d'équivalent CO2","3","Milliers",,,539511.055,,
"AUS","Australie","GHG","Gazs à effet de serre","TOTAL","Emissions totales exluant l'UTCF","2013","2013","T_CO2_EQVT","Tonnes d'équivalent CO2","3","Milliers",,,530311.914,,
"AUS","Australie","GHG","Gazs à effet de serre","TOTAL","Emissions totales exluant l'UTCF","2014","2014","T_CO2_EQVT","Tonnes d'équivalent CO2","3","Milliers",,,524709.397,,
"AUS","Australie","GHG","Gazs à effet de serre","TOTAL","Emissions totales exluant l'UTCF","2015","2015","T_CO2_EQVT","Tonnes d'équivalent CO2","3","Milliers",,,533063.832,,
"AUS","Australie","GHG","Gazs à effet de serre","TOTAL","Emissions totales exluant l'UTCF","2016","2016","T_CO2_EQVT","Tonnes d'équivalent CO2","3","Milliers",,,542287.865,,
"AUS","Australie","GHG","Gazs à effet de serre","TOTAL","Emissions totales exluant l'UTCF","2017","2017","T_CO2_EQVT","Tonnes d'équivalent CO2","3","Milliers",,,549330.022,,
"AUS","Australie","GHG","Gazs à effet de serre","TOTAL","Emissions totales exluant l'UTCF","2018","2018","T_CO2_EQVT","Tonnes d'équivalent CO2","3","Milliers",,,549731.942,,
"AUS","Australie","GHG","Gazs à effet de serre","TOTAL","Emissions totales exluant l'UTCF","2019","2019","T_CO2_EQVT","Tonnes d'équivalent CO2","3","Milliers",,,545152.518,,
"AUT","Autriche","GHG","Gazs à effet de serre","TOTAL","Emissions totales exluant l'UTCF","2010","2010","T_CO2_EQVT","Tonnes d'équivalent CO2","3","Milliers",,,84336.718,,
"AUT","Autriche","GHG","Gazs à effet de serre","TOTAL","Emissions totales exluant l'UTCF","2011","2011","T_CO2_EQVT","Tonnes d'équivalent CO2","3","Milliers",,,82127.026,,
"AUT","Autriche","GHG","Gazs à effet de serre","TOTAL","Emissions totales exluant l'UTCF","2012","2012","T_CO2_EQVT","Tonnes d'équivalent CO2","3","Milliers",,,79432.38,,
"AUT","Autriche","GHG","Gazs à effet de serre","TOTAL","Emissions totales exluant l'UTCF","2013","2013","T_CO2_EQVT","Tonnes d'équivalent CO2","3","Milliers",,,79817.174,,
"AUT","Autriche","GHG","Gazs à effet de serre","TOTAL","Emissions totales exluant l'UTCF","2014","2014","T_CO2_EQVT","Tonnes d'équivalent CO2","3","Milliers",,,76238.67,,
"AUT","Autriche","GHG","Gazs à effet de serre","TOTAL","Emissions totales exluant l'UTCF","2015","2015","T_CO2_EQVT","Tonnes d'équivalent CO2","3","Milliers",,,78462.233,,
"AUT","Autriche","GHG","Gazs à effet de serre","TOTAL","Emissions totales exluant l'UTCF","2016","2016","T_CO2_EQVT","Tonnes d'équivalent CO2","3","Milliers",,,79471.008,,
"AUT","Autriche","GHG","Gazs à effet de serre","TOTAL","Emissions totales exluant l'UTCF","2017","2017","T_CO2_EQVT","Tonnes d'équivalent CO2","3","Milliers",,,81862.497,,
"AUT","Autriche","GHG","Gazs à effet de serre","TOTAL","Emissions totales exluant l'UTCF","2018","2018","T_CO2_EQVT","Tonnes d'équivalent CO2","3","Milliers",,,78627.637,,
"AUT","Autriche","GHG","Gazs à effet de serre","TOTAL","Emissions totales exluant l'UTCF","2019","2019","T_CO2_EQVT","Tonnes d'équivalent CO2","3","Milliers",,,79842.253,,
"BEL","Belgique","GHG","Gazs à effet de serre","TOTAL","Emissions totales exluant l'UTCF","2010","2010","T_CO2_EQVT","Tonnes d'équivalent CO2","3","Milliers",,,133633.523,,
"BEL","Belgique","GHG","Gazs à effet de serre","TOTAL","Emissions totales exluant l'UTCF","2011","2011","T_CO2_EQVT","Tonnes d'équivalent CO2","3","Milliers",,,123134.282,,
"BEL","Belgique","GHG","Gazs à effet de serre","TOTAL","Emissions totales exluant l'UTCF","2012","2012","T_CO2_EQVT","Tonnes d'équivalent CO2","3","Milliers",,,120385.712,,
"BEL","Belgique","GHG","Gazs à effet de serre","TOTAL","Emissions totales exluant l'UTCF","2013","2013","T_CO2_EQVT","Tonnes d'équivalent CO2","3","Milliers",,,120443.49,,
"BEL","Belgique","GHG","Gazs à effet de serre","TOTAL","Emissions totales exluant l'UTCF","2014","2014","T_CO2_EQVT","Tonnes d'équivalent CO2","3","Milliers",,,114731.996,,
"BEL","Belgique","GHG","Gazs à effet de serre","TOTAL","Emissions totales exluant l'UTCF","2015","2015","T_CO2_EQVT","Tonnes d'équivalent CO2","3","Milliers",,,118959.981,,
"BEL","Belgique","GHG","Gazs à effet de serre","TOTAL","Emissions totales exluant l'UTCF","2016","2016","T_CO2_EQVT","Tonnes d'équivalent CO2","3","Milliers",,,117689.179,,
"BEL","Belgique","GHG","Gazs à effet de serre","TOTAL","Emissions totales exluant l'UTCF","2017","2017","T_CO2_EQVT","Tonnes d'équivalent CO2","3","Milliers",,,117424.303,,
"BEL","Belgique","GHG","Gazs à effet de serre","TOTAL","Emissions totales exluant l'UTCF","2018","2018","T_CO2_EQVT","Tonnes d'équivalent CO2","3","Milliers",,,117894.738,,
"BEL","Belgique","GHG","Gazs à effet de serre","TOTAL","Emissions totales exluant l'UTCF","2019","2019","T_CO2_EQVT","Tonnes d'équivalent CO2","3","Milliers",,,116651.489,,
"CAN","Canada","GHG","Gazs à effet de serre","TOTAL","Emissions totales exluant l'UTCF","2010","2010","T_CO2_EQVT","Tonnes d'équivalent CO2","3","Milliers",,,702802.747,,
"CAN","Canada","GHG","Gazs à effet de serre","TOTAL","Emissions totales exluant l'UTCF","2011","2011","T_CO2_EQVT","Tonnes d'équivalent CO2","3","Milliers",,,714078.511,,
"CAN","Canada","GHG","Gazs à effet de serre","TOTAL","Emissions totales exluant l'UTCF","2012","2012","T_CO2_EQVT","Tonnes d'équivalent CO2","3","Milliers",,,717172.39,,
"CAN","Canada","GHG","Gazs à effet de serre","TOTAL","Emissions totales exluant l'UTCF","2013","2013","T_CO2_EQVT","Tonnes d'équivalent CO2","3","Milliers",,,725371.843,,
"CAN","Canada","GHG","Gazs à effet de serre","TOTAL","Emissions totales exluant l'UTCF","2014","2014","T_CO2_EQVT","Tonnes d'équivalent CO2","3","Milliers",,,722557.671,,
"CAN","Canada","GHG","Gazs à effet de serre","TOTAL","Emissions totales exluant l'UTCF","2015","2015","T_CO2_EQVT","Tonnes d'équivalent CO2","3","Milliers",,,723096.018,,
"CAN","Canada","GHG","Gazs à effet de serre","TOTAL","Emissions totales exluant l'UTCF","2016","2016","T_CO2_EQVT","Tonnes d'équivalent CO2","3","Milliers",,,706933.908,,
"CAN","Canada","GHG","Gazs à effet de serre","TOTAL","Emissions totales exluant l'UTCF","2017","2017","T_CO2_EQVT","Tonnes d'équivalent CO2","3","Milliers",,,716092.013,,
"CAN","Canada","GHG","Gazs à effet de serre","TOTAL","Emissions totales exluant l'UTCF","2018","2018","T_CO2_EQVT","Tonnes d'équivalent CO2","3","Milliers",,,728475.89,,
"CAN","Canada","GHG","Gazs à effet de serre","TOTAL","Emissions totales exluant l'UTCF","2019","2019","T_CO2_EQVT","Tonnes d'équivalent CO2","3","Milliers",,,730244.943,,
"CZE","République tchèque","GHG","Gazs à effet de serre","TOTAL","Emissions totales exluant l'UTCF","2010","2010","T_CO2_EQVT","Tonnes d'équivalent CO2","3","Milliers",,,139605.899,,
"CZE","République tchèque","GHG","Gazs à effet de serre","TOTAL","Emissions totales exluant l'UTCF","2011","2011","T_CO2_EQVT","Tonnes d'équivalent CO2","3","Milliers",,,138068.888,,
"CZE","République tchèque","GHG","Gazs à effet de serre","TOTAL","Emissions totales exluant l'UTCF","2012","2012","T_CO2_EQVT","Tonnes d'équivalent CO2","3","Milliers",,,134138.667,,
"CZE","République tchèque","GHG","Gazs à effet de serre","TOTAL","Emissions totales exluant l'UTCF","2013","2013","T_CO2_EQVT","Tonnes d'équivalent CO2","3","Milliers",,,128691.89,,
"CZE","République tchèque","GHG","Gazs à effet de serre","TOTAL","Emissions totales exluant l'UTCF","2014","2014","T_CO2_EQVT","Tonnes d'équivalent CO2","3","Milliers",,,126563.24,,
"CZE","République tchèque","GHG","Gazs à effet de serre","TOTAL","Emissions totales exluant l'UTCF","2015","2015","T_CO2_EQVT","Tonnes d'équivalent CO2","3","Milliers",,,127972.207,,
"CZE","République tchèque","GHG","Gazs à effet de serre","TOTAL","Emissions totales exluant l'UTCF","2016","2016","T_CO2_EQVT","Tonnes d'équivalent CO2","3","Milliers",,,129584.954,,
"CZE","République tchèque","GHG","Gazs à effet de serre","TOTAL","Emissions totales exluant l'UTCF","2017","2017","T_CO2_EQVT","Tonnes d'équivalent CO2","3","Milliers",,,130460.077,,
"CZE","République tchèque","GHG","Gazs à effet de serre","TOTAL","Emissions totales exluant l'UTCF","2018","2018","T_CO2_EQVT","Tonnes d'équivalent CO2","3","Milliers",,,128554.624,,
"CZE","République tchèque","GHG","Gazs à effet de serre","TOTAL","Emissions totales exluant l'UTCF","2019","2019","T_CO2_EQVT","Tonnes d'équivalent CO2","3","Milliers",,,122638.506,,
"DNK","Danemark","GHG","Gazs à effet de serre","TOTAL","Emissions totales exluant l'UTCF","2010","2010","T_CO2_EQVT","Tonnes d'équivalent CO2","3","Milliers",,,64664.109,,
"DNK","Danemark","GHG","Gazs à effet de serre","TOTAL","Emissions totales exluant l'UTCF","2011","2011","T_CO2_EQVT","Tonnes d'équivalent CO2","3","Milliers",,,59429.582,,
"DNK","Danemark","GHG","Gazs à effet de serre","TOTAL","Emissions totales exluant l'UTCF","2012","2012","T_CO2_EQVT","Tonnes d'équivalent CO2","3","Milliers",,,54837.684,,
"DNK","Danemark","GHG","Gazs à effet de serre","TOTAL","Emissions totales exluant l'UTCF","2013","2013","T_CO2_EQVT","Tonnes d'équivalent CO2","3","Milliers",,,56560.81,,
"DNK","Danemark","GHG","Gazs à effet de serre","TOTAL","Emissions totales exluant l'UTCF","2014","2014","T_CO2_EQVT","Tonnes d'équivalent CO2","3","Milliers",,,52332.146,,
"DNK","Danemark","GHG","Gazs à effet de serre","TOTAL","Emissions totales exluant l'UTCF","2015","2015","T_CO2_EQVT","Tonnes d'équivalent CO2","3","Milliers",,,49737.646,,
"DNK","Danemark","GHG","Gazs à effet de serre","TOTAL","Emissions totales exluant l'UTCF","2016","2016","T_CO2_EQVT","Tonnes d'équivalent CO2","3","Milliers",,,51764.355,,
"DNK","Danemark","GHG","Gazs à effet de serre","TOTAL","Emissions totales exluant l'UTCF","2017","2017","T_CO2_EQVT","Tonnes d'équivalent CO2","3","Milliers",,,49648.88,,
"DNK","Danemark","GHG","Gazs à effet de serre","TOTAL","Emissions totales exluant l'UTCF","2018","2018","T_CO2_EQVT","Tonnes d'équivalent CO2","3","Milliers",,,49621.299,,
"DNK","Danemark","GHG","Gazs à effet de serre","TOTAL","Emissions totales exluant l'UTCF","2019","2019","T_CO2_EQVT","Tonnes d'équivalent CO2","3","Milliers",,,45812.179,,
"FIN","Finlande","GHG","Gazs à effet de serre","TOTAL","Emissions totales exluant l'UTCF","2010","2010","T_CO2_EQVT","Tonnes d'équivalent CO2","3","Milliers",,,75621.632,,
"FIN","Finlande","GHG","Gazs à effet de serre","TOTAL","Emissions totales exluant l'UTCF","2011","2011","T_CO2_EQVT","Tonnes d'équivalent CO2","3","Milliers",,,67876.634,,
"FIN","Finlande","GHG","Gazs à effet de serre","TOTAL","Emissions totales exluant l'UTCF","2012","2012","T_CO2_EQVT","Tonnes d'équivalent CO2","3","Milliers",,,62402.31,,
"FIN","Finlande","GHG","Gazs à effet de serre","TOTAL","Emissions totales exluant l'UTCF","2013","2013","T_CO2_EQVT","Tonnes d'équivalent CO2","3","Milliers",,,62797.269,,
"FIN","Finlande","GHG","Gazs à effet de serre","TOTAL","Emissions totales exluant l'UTCF","2014","2014","T_CO2_EQVT","Tonnes d'équivalent CO2","3","Milliers",,,58659.758,,
"FIN","Finlande","GHG","Gazs à effet de serre","TOTAL","Emissions totales exluant l'UTCF","2015","2015","T_CO2_EQVT","Tonnes d'équivalent CO2","3","Milliers",,,55087.277,,
"FIN","Finlande","GHG","Gazs à effet de serre","TOTAL","Emissions totales exluant l'UTCF","2016","2016","T_CO2_EQVT","Tonnes d'équivalent CO2","3","Milliers",,,58007.003,,
"FIN","Finlande","GHG","Gazs à effet de serre","TOTAL","Emissions totales exluant l'UTCF","2017","2017","T_CO2_EQVT","Tonnes d'équivalent CO2","3","Milliers",,,55230.181,,
"FIN","Finlande","GHG","Gazs à effet de serre","TOTAL","Emissions totales exluant l'UTCF","2018","2018","T_CO2_EQVT","Tonnes d'équivalent CO2","3","Milliers",,,56281.82,,
"FIN","Finlande","GHG","Gazs à effet de serre","TOTAL","Emissions totales exluant l'UTCF","2019","2019","T_CO2_EQVT","Tonnes d'équivalent CO2","3","Milliers",,,53021.247,,
"FRA","France","GHG","Gazs à effet de serre","TOTAL","Emissions totales exluant l'UTCF","2010","2010","T_CO2_EQVT","Tonnes d'équivalent CO2","3","Milliers",,,513461.779,,
"FRA","France","GHG","Gazs à effet de serre","TOTAL","Emissions totales exluant l'UTCF","2011","2011","T_CO2_EQVT","Tonnes d'équivalent CO2","3","Milliers",,,488902.163,,
"FRA","France","GHG","Gazs à effet de serre","TOTAL","Emissions totales exluant l'UTCF","2012","2012","T_CO2_EQVT","Tonnes d'équivalent CO2","3","Milliers",,,490286.174,,
"FRA","France","GHG","Gazs à effet de serre","TOTAL","Emissions totales exluant l'UTCF","2013","2013","T_CO2_EQVT","Tonnes d'équivalent CO2","3","Milliers",,,491502.989,,
"FRA","France","GHG","Gazs à effet de serre","TOTAL","Emissions totales exluant l'UTCF","2014","2014","T_CO2_EQVT","Tonnes d'équivalent CO2","3","Milliers",,,461188.525,,
"FRA","France","GHG","Gazs à effet de serre","TOTAL","Emissions totales exluant l'UTCF","2015","2015","T_CO2_EQVT","Tonnes d'équivalent CO2","3","Milliers",,,464205.673,,
"FRA","France","GHG","Gazs à effet de serre","TOTAL","Emissions totales exluant l'UTCF","2016","2016","T_CO2_EQVT","Tonnes d'équivalent CO2","3","Milliers",,,467059.995,,
"FRA","France","GHG","Gazs à effet de serre","TOTAL","Emissions totales exluant l'UTCF","2017","2017","T_CO2_EQVT","Tonnes d'équivalent CO2","3","Milliers",,,470564.316,,
"FRA","France","GHG","Gazs à effet de serre","TOTAL","Emissions totales exluant l'UTCF","2018","2018","T_CO2_EQVT","Tonnes d'équivalent CO2","3","Milliers",,,452034.456,,
"FRA","France","GHG","Gazs à effet de serre","TOTAL","Emissions totales exluant l'UTCF","2019","2019","T_CO2_EQVT","Tonnes d'équivalent CO2","3","Milliers",,,442984.668,,
"DEU","Allemagne","GHG","Gazs à effet de serre","TOTAL","Emissions totales exluant l'UTCF","2010","2010","T_CO2_EQVT","Tonnes d'équivalent CO2","3","Milliers",,,941805.336,,
"DEU","Allemagne","GHG","Gazs à effet de serre","TOTAL","Emissions totales exluant l'UTCF","2011","2011","T_CO2_EQVT","Tonnes d'équivalent CO2","3","Milliers",,,917273.599,,
"DEU","Allemagne","GHG","Gazs à effet de serre","TOTAL","Emissions totales exluant l'UTCF","2012","2012","T_CO2_EQVT","Tonnes d'équivalent CO2","3","Milliers",,,923342.027,,
"DEU","Allemagne","GHG","Gazs à effet de serre","TOTAL","Emissions totales exluant l'UTCF","2013","2013","T_CO2_EQVT","Tonnes d'équivalent CO2","3","Milliers",,,940419.539,,
"DEU","Allemagne","GHG","Gazs à effet de serre","TOTAL","Emissions totales exluant l'UTCF","2014","2014","T_CO2_EQVT","Tonnes d'équivalent CO2","3","Milliers",,,901255.144,,
"DEU","Allemagne","GHG","Gazs à effet de serre","TOTAL","Emissions totales exluant l'UTCF","2015","2015","T_CO2_EQVT","Tonnes d'équivalent CO2","3","Milliers",,,904261.811,,
"DEU","Allemagne","GHG","Gazs à effet de serre","TOTAL","Emissions totales exluant l'UTCF","2016","2016","T_CO2_EQVT","Tonnes d'équivalent CO2","3","Milliers",,,907967.906,,
"DEU","Allemagne","GHG","Gazs à effet de serre","TOTAL","Emissions totales exluant l'UTCF","2017","2017","T_CO2_EQVT","Tonnes d'équivalent CO2","3","Milliers",,,892075.667,,
"DEU","Allemagne","GHG","Gazs à effet de serre","TOTAL","Emissions totales exluant l'UTCF","2018","2018","T_CO2_EQVT","Tonnes d'équivalent CO2","3","Milliers",,,855890.413,,
"DEU","Allemagne","GHG","Gazs à effet de serre","TOTAL","Emissions totales exluant l'UTCF","2019","2019","T_CO2_EQVT","Tonnes d'équivalent CO2","3","Milliers",,,809798.537,,
"GRC","Grèce","GHG","Gazs à effet de serre","TOTAL","Emissions totales exluant l'UTCF","2010","2010","T_CO2_EQVT","Tonnes d'équivalent CO2","3","Milliers",,,118500.038,,
"GRC","Grèce","GHG","Gazs à effet de serre","TOTAL","Emissions totales exluant l'UTCF","2011","2011","T_CO2_EQVT","Tonnes d'équivalent CO2","3","Milliers",,,115571.725,,
"GRC","Grèce","GHG","Gazs à effet de serre","TOTAL","Emissions totales exluant l'UTCF","2012","2012","T_CO2_EQVT","Tonnes d'équivalent CO2","3","Milliers",,,112305.519,,
"GRC","Grèce","GHG","Gazs à effet de serre","TOTAL","Emissions totales exluant l'UTCF","2013","2013","T_CO2_EQVT","Tonnes d'équivalent CO2","3","Milliers",,,102684.379,,
"GRC","Grèce","GHG","Gazs à effet de serre","TOTAL","Emissions totales exluant l'UTCF","2014","2014","T_CO2_EQVT","Tonnes d'équivalent CO2","3","Milliers",,,99257.806,,
"GRC","Grèce","GHG","Gazs à effet de serre","TOTAL","Emissions totales exluant l'UTCF","2015","2015","T_CO2_EQVT","Tonnes d'équivalent CO2","3","Milliers",,,95463.979,,
"GRC","Grèce","GHG","Gazs à effet de serre","TOTAL","Emissions totales exluant l'UTCF","2016","2016","T_CO2_EQVT","Tonnes d'équivalent CO2","3","Milliers",,,91821.836,,
"GRC","Grèce","GHG","Gazs à effet de serre","TOTAL","Emissions totales exluant l'UTCF","2017","2017","T_CO2_EQVT","Tonnes d'équivalent CO2","3","Milliers",,,95600.993,,
"GRC","Grèce","GHG","Gazs à effet de serre","TOTAL","Emissions totales exluant l'UTCF","2018","2018","T_CO2_EQVT","Tonnes d'équivalent CO2","3","Milliers",,,92308.345,,
"GRC","Grèce","GHG","Gazs à effet de serre","TOTAL","Emissions totales exluant l'UTCF","2019","2019","T_CO2_EQVT","Tonnes d'équivalent CO2","3","Milliers",,,85630.943,,
"HUN","Hongrie","GHG","Gazs à effet de serre","TOTAL","Emissions totales exluant l'UTCF","2010","2010","T_CO2_EQVT","Tonnes d'équivalent CO2","3","Milliers",,,66056.582,,
"HUN","Hongrie","GHG","Gazs à effet de serre","TOTAL","Emissions totales exluant l'UTCF","2011","2011","T_CO2_EQVT","Tonnes d'équivalent CO2","3","Milliers",,,64354.137,,
"HUN","Hongrie","GHG","Gazs à effet de serre","TOTAL","Emissions totales exluant l'UTCF","2012","2012","T_CO2_EQVT","Tonnes d'équivalent CO2","3","Milliers",,,60957.506,,
"HUN","Hongrie","GHG","Gazs à effet de serre","TOTAL","Emissions totales exluant l'UTCF","2013","2013","T_CO2_EQVT","Tonnes d'équivalent CO2","3","Milliers",,,58068.181,,
"HUN","Hongrie","GHG","Gazs à effet de serre","TOTAL","Emissions totales exluant l'UTCF","2014","2014","T_CO2_EQVT","Tonnes d'équivalent CO2","3","Milliers",,,58407.722,,
"HUN","Hongrie","GHG","Gazs à effet de serre","TOTAL","Emissions totales exluant l'UTCF","2015","2015","T_CO2_EQVT","Tonnes d'équivalent CO2","3","Milliers",,,61516.67,,
"HUN","Hongrie","GHG","Gazs à effet de serre","TOTAL","Emissions totales exluant l'UTCF","2016","2016","T_CO2_EQVT","Tonnes d'équivalent CO2","3","Milliers",,,62258.59,,
"HUN","Hongrie","GHG","Gazs à effet de serre","TOTAL","Emissions totales exluant l'UTCF","2017","2017","T_CO2_EQVT","Tonnes d'équivalent CO2","3","Milliers",,,64716.416,,
"HUN","Hongrie","GHG","Gazs à effet de serre","TOTAL","Emissions totales exluant l'UTCF","2018","2018","T_CO2_EQVT","Tonnes d'équivalent CO2","3","Milliers",,,64735.401,,
"HUN","Hongrie","GHG","Gazs à effet de serre","TOTAL","Emissions totales exluant l'UTCF","2019","2019","T_CO2_EQVT","Tonnes d'équivalent CO2","3","Milliers",,,64433.168,,
"ISL","Islande","GHG","Gazs à effet de serre","TOTAL","Emissions totales exluant l'UTCF","2010","2010","T_CO2_EQVT","Tonnes d'équivalent CO2","3","Milliers",,,4866.266,,
"ISL","Islande","GHG","Gazs à effet de serre","TOTAL","Emissions totales exluant l'UTCF","2011","2011","T_CO2_EQVT","Tonnes d'équivalent CO2","3","Milliers",,,4647.058,,
"ISL","Islande","GHG","Gazs à effet de serre","TOTAL","Emissions totales exluant l'UTCF","2012","2012","T_CO2_EQVT","Tonnes d'équivalent CO2","3","Milliers",,,4657.364,,
"ISL","Islande","GHG","Gazs à effet de serre","TOTAL","Emissions totales exluant l'UTCF","2013","2013","T_CO2_EQVT","Tonnes d'équivalent CO2","3","Milliers",,,4654.388,,
"ISL","Islande","GHG","Gazs à effet de serre","TOTAL","Emissions totales exluant l'UTCF","2014","2014","T_CO2_EQVT","Tonnes d'équivalent CO2","3","Milliers",,,4685.661,,
"ISL","Islande","GHG","Gazs à effet de serre","TOTAL","Emissions totales exluant l'UTCF","2015","2015","T_CO2_EQVT","Tonnes d'équivalent CO2","3","Milliers",,,4763.991,,
"ISL","Islande","GHG","Gazs à effet de serre","TOTAL","Emissions totales exluant l'UTCF","2016","2016","T_CO2_EQVT","Tonnes d'équivalent CO2","3","Milliers",,,4716.622,,
"ISL","Islande","GHG","Gazs à effet de serre","TOTAL","Emissions totales exluant l'UTCF","2017","2017","T_CO2_EQVT","Tonnes d'équivalent CO2","3","Milliers",,,4795.416,,
"ISL","Islande","GHG","Gazs à effet de serre","TOTAL","Emissions totales exluant l'UTCF","2018","2018","T_CO2_EQVT","Tonnes d'équivalent CO2","3","Milliers",,,4822.188,,
"ISL","Islande","GHG","Gazs à effet de serre","TOTAL","Emissions totales exluant l'UTCF","2019","2019","T_CO2_EQVT","Tonnes d'équivalent CO2","3","Milliers",,,4722.349,,
"IRL","Irlande","GHG","Gazs à effet de serre","TOTAL","Emissions totales exluant l'UTCF","2010","2010","T_CO2_EQVT","Tonnes d'équivalent CO2","3","Milliers",,,61949.414,,
"IRL","Irlande","GHG","Gazs à effet de serre","TOTAL","Emissions totales exluant l'UTCF","2011","2011","T_CO2_EQVT","Tonnes d'équivalent CO2","3","Milliers",,,57793.584,,
"IRL","Irlande","GHG","Gazs à effet de serre","TOTAL","Emissions totales exluant l'UTCF","2012","2012","T_CO2_EQVT","Tonnes d'équivalent CO2","3","Milliers",,,58785.136,,
"IRL","Irlande","GHG","Gazs à effet de serre","TOTAL","Emissions totales exluant l'UTCF","2013","2013","T_CO2_EQVT","Tonnes d'équivalent CO2","3","Milliers",,,58570.583,,
"IRL","Irlande","GHG","Gazs à effet de serre","TOTAL","Emissions totales exluant l'UTCF","2014","2014","T_CO2_EQVT","Tonnes d'équivalent CO2","3","Milliers",,,58062.568,,
"IRL","Irlande","GHG","Gazs à effet de serre","TOTAL","Emissions totales exluant l'UTCF","2015","2015","T_CO2_EQVT","Tonnes d'équivalent CO2","3","Milliers",,,60431.953,,
"IRL","Irlande","GHG","Gazs à effet de serre","TOTAL","Emissions totales exluant l'UTCF","2016","2016","T_CO2_EQVT","Tonnes d'équivalent CO2","3","Milliers",,,62475.137,,
"IRL","Irlande","GHG","Gazs à effet de serre","TOTAL","Emissions totales exluant l'UTCF","2017","2017","T_CO2_EQVT","Tonnes d'équivalent CO2","3","Milliers",,,62114.861,,
"IRL","Irlande","GHG","Gazs à effet de serre","TOTAL","Emissions totales exluant l'UTCF","2018","2018","T_CO2_EQVT","Tonnes d'équivalent CO2","3","Milliers",,,62526.014,,
"IRL","Irlande","GHG","Gazs à effet de serre","TOTAL","Emissions totales exluant l'UTCF","2019","2019","T_CO2_EQVT","Tonnes d'équivalent CO2","3","Milliers",,,59777.64,,
"ITA","Italie","GHG","Gazs à effet de serre","TOTAL","Emissions totales exluant l'UTCF","2010","2010","T_CO2_EQVT","Tonnes d'équivalent CO2","3","Milliers",,,516473.733,,
"ITA","Italie","GHG","Gazs à effet de serre","TOTAL","Emissions totales exluant l'UTCF","2011","2011","T_CO2_EQVT","Tonnes d'équivalent CO2","3","Milliers",,,503645.262,,
"ITA","Italie","GHG","Gazs à effet de serre","TOTAL","Emissions totales exluant l'UTCF","2012","2012","T_CO2_EQVT","Tonnes d'équivalent CO2","3","Milliers",,,484218.017,,
"ITA","Italie","GHG","Gazs à effet de serre","TOTAL","Emissions totales exluant l'UTCF","2013","2013","T_CO2_EQVT","Tonnes d'équivalent CO2","3","Milliers",,,449178.935,,
"ITA","Italie","GHG","Gazs à effet de serre","TOTAL","Emissions totales exluant l'UTCF","2014","2014","T_CO2_EQVT","Tonnes d'équivalent CO2","3","Milliers",,,427930.412,,
"ITA","Italie","GHG","Gazs à effet de serre","TOTAL","Emissions totales exluant l'UTCF","2015","2015","T_CO2_EQVT","Tonnes d'équivalent CO2","3","Milliers",,,440436.701,,
"ITA","Italie","GHG","Gazs à effet de serre","TOTAL","Emissions totales exluant l'UTCF","2016","2016","T_CO2_EQVT","Tonnes d'équivalent CO2","3","Milliers",,,437696.091,,
"ITA","Italie","GHG","Gazs à effet de serre","TOTAL","Emissions totales exluant l'UTCF","2017","2017","T_CO2_EQVT","Tonnes d'équivalent CO2","3","Milliers",,,432713.736,,
"ITA","Italie","GHG","Gazs à effet de serre","TOTAL","Emissions totales exluant l'UTCF","2018","2018","T_CO2_EQVT","Tonnes d'équivalent CO2","3","Milliers",,,428549.346,,
"ITA","Italie","GHG","Gazs à effet de serre","TOTAL","Emissions totales exluant l'UTCF","2019","2019","T_CO2_EQVT","Tonnes d'équivalent CO2","3","Milliers",,,418280.596,,
"JPN","Japon","GHG","Gazs à effet de serre","TOTAL","Emissions totales exluant l'UTCF","2010","2010","T_CO2_EQVT","Tonnes d'équivalent CO2","3","Milliers",,,1300451.713,,
"JPN","Japon","GHG","Gazs à effet de serre","TOTAL","Emissions totales exluant l'UTCF","2011","2011","T_CO2_EQVT","Tonnes d'équivalent CO2","3","Milliers",,,1351251.655,,
"JPN","Japon","GHG","Gazs à effet de serre","TOTAL","Emissions totales exluant l'UTCF","2012","2012","T_CO2_EQVT","Tonnes d'équivalent CO2","3","Milliers",,,1394043.993,,
"JPN","Japon","GHG","Gazs à effet de serre","TOTAL","Emissions totales exluant l'UTCF","2013","2013","T_CO2_EQVT","Tonnes d'équivalent CO2","3","Milliers",,,1405888.605,,
"JPN","Japon","GHG","Gazs à effet de serre","TOTAL","Emissions totales exluant l'UTCF","2014","2014","T_CO2_EQVT","Tonnes d'équivalent CO2","3","Milliers",,,1356588.537,,
"JPN","Japon","GHG","Gazs à effet de serre","TOTAL","Emissions totales exluant l'UTCF","2015","2015","T_CO2_EQVT","Tonnes d'équivalent CO2","3","Milliers",,,1318516.697,,
"JPN","Japon","GHG","Gazs à effet de serre","TOTAL","Emissions totales exluant l'UTCF","2016","2016","T_CO2_EQVT","Tonnes d'équivalent CO2","3","Milliers",,,1301855.892,,
"JPN","Japon","GHG","Gazs à effet de serre","TOTAL","Emissions totales exluant l'UTCF","2017","2017","T_CO2_EQVT","Tonnes d'équivalent CO2","3","Milliers",,,1288528.719,,
"JPN","Japon","GHG","Gazs à effet de serre","TOTAL","Emissions totales exluant l'UTCF","2018","2018","T_CO2_EQVT","Tonnes d'équivalent CO2","3","Milliers",,,1245020.887,,
"JPN","Japon","GHG","Gazs à effet de serre","TOTAL","Emissions totales exluant l'UTCF","2019","2019","T_CO2_EQVT","Tonnes d'équivalent CO2","3","Milliers",,,1209493.354,,
"KOR","Corée","GHG","Gazs à effet de serre","TOTAL","Emissions totales exluant l'UTCF","2010","2010","T_CO2_EQVT","Tonnes d'équivalent CO2","3","Milliers",,,656322.62,,
"KOR","Corée","GHG","Gazs à effet de serre","TOTAL","Emissions totales exluant l'UTCF","2011","2011","T_CO2_EQVT","Tonnes d'équivalent CO2","3","Milliers",,,684929.54,,
"KOR","Corée","GHG","Gazs à effet de serre","TOTAL","Emissions totales exluant l'UTCF","2012","2012","T_CO2_EQVT","Tonnes d'équivalent CO2","3","Milliers",,,688308.06,,
"KOR","Corée","GHG","Gazs à effet de serre","TOTAL","Emissions totales exluant l'UTCF","2013","2013","T_CO2_EQVT","Tonnes d'équivalent CO2","3","Milliers",,,697383.69,,
"KOR","Corée","GHG","Gazs à effet de serre","TOTAL","Emissions totales exluant l'UTCF","2014","2014","T_CO2_EQVT","Tonnes d'équivalent CO2","3","Milliers",,,691932.56,,
"KOR","Corée","GHG","Gazs à effet de serre","TOTAL","Emissions totales exluant l'UTCF","2015","2015","T_CO2_EQVT","Tonnes d'équivalent CO2","3","Milliers",,,692514.57,,
"KOR","Corée","GHG","Gazs à effet de serre","TOTAL","Emissions totales exluant l'UTCF","2016","2016","T_CO2_EQVT","Tonnes d'équivalent CO2","3","Milliers",,,693534.82,,
"KOR","Corée","GHG","Gazs à effet de serre","TOTAL","Emissions totales exluant l'UTCF","2017","2017","T_CO2_EQVT","Tonnes d'équivalent CO2","3","Milliers",,,709749.97,,
"KOR","Corée","GHG","Gazs à effet de serre","TOTAL","Emissions totales exluant l'UTCF","2018","2018","T_CO2_EQVT","Tonnes d'équivalent CO2","3","Milliers",,,727633.3,,
"LUX","Luxembourg","GHG","Gazs à effet de serre","TOTAL","Emissions totales exluant l'UTCF","2010","2010","T_CO2_EQVT","Tonnes d'équivalent CO2","3","Milliers",,,12176.419,,
"LUX","Luxembourg","GHG","Gazs à effet de serre","TOTAL","Emissions totales exluant l'UTCF","2011","2011","T_CO2_EQVT","Tonnes d'équivalent CO2","3","Milliers",,,12052.771,,
"LUX","Luxembourg","GHG","Gazs à effet de serre","TOTAL","Emissions totales exluant l'UTCF","2012","2012","T_CO2_EQVT","Tonnes d'équivalent CO2","3","Milliers",,,11807.439,,
"LUX","Luxembourg","GHG","Gazs à effet de serre","TOTAL","Emissions totales exluant l'UTCF","2013","2013","T_CO2_EQVT","Tonnes d'équivalent CO2","3","Milliers",,,11270.395,,
"LUX","Luxembourg","GHG","Gazs à effet de serre","TOTAL","Emissions totales exluant l'UTCF","2014","2014","T_CO2_EQVT","Tonnes d'équivalent CO2","3","Milliers",,,10807.255,,
"LUX","Luxembourg","GHG","Gazs à effet de serre","TOTAL","Emissions totales exluant l'UTCF","2015","2015","T_CO2_EQVT","Tonnes d'équivalent CO2","3","Milliers",,,10324.431,,
"LUX","Luxembourg","GHG","Gazs à effet de serre","TOTAL","Emissions totales exluant l'UTCF","2016","2016","T_CO2_EQVT","Tonnes d'équivalent CO2","3","Milliers",,,10082.897,,
"LUX","Luxembourg","GHG","Gazs à effet de serre","TOTAL","Emissions totales exluant l'UTCF","2017","2017","T_CO2_EQVT","Tonnes d'équivalent CO2","3","Milliers",,,10266.982,,
"LUX","Luxembourg","GHG","Gazs à effet de serre","TOTAL","Emissions totales exluant l'UTCF","2018","2018","T_CO2_EQVT","Tonnes d'équivalent CO2","3","Milliers",,,10565.227,,
"LUX","Luxembourg","GHG","Gazs à effet de serre","TOTAL","Emissions totales exluant l'UTCF","2019","2019","T_CO2_EQVT","Tonnes d'équivalent CO2","3","Milliers",,,10742.797,,
"MEX","Mexique","GHG","Gazs à effet de serre","TOTAL","Emissions totales exluant l'UTCF","2010","2010","T_CO2_EQVT","Tonnes d'équivalent CO2","3","Milliers",,,669084.029,,
"MEX","Mexique","GHG","Gazs à effet de serre","TOTAL","Emissions totales exluant l'UTCF","2011","2011","T_CO2_EQVT","Tonnes d'équivalent CO2","3","Milliers",,,681190.359,,
"MEX","Mexique","GHG","Gazs à effet de serre","TOTAL","Emissions totales exluant l'UTCF","2012","2012","T_CO2_EQVT","Tonnes d'équivalent CO2","3","Milliers",,,673721.904,,
"MEX","Mexique","GHG","Gazs à effet de serre","TOTAL","Emissions totales exluant l'UTCF","2013","2013","T_CO2_EQVT","Tonnes d'équivalent CO2","3","Milliers",,,683120.592,,
"MEX","Mexique","GHG","Gazs à effet de serre","TOTAL","Emissions totales exluant l'UTCF","2014","2014","T_CO2_EQVT","Tonnes d'équivalent CO2","3","Milliers",,,686159.5,,
"MEX","Mexique","GHG","Gazs à effet de serre","TOTAL","Emissions totales exluant l'UTCF","2015","2015","T_CO2_EQVT","Tonnes d'équivalent CO2","3","Milliers",,,699564.266,,
"NLD","Pays-Bas","GHG","Gazs à effet de serre","TOTAL","Emissions totales exluant l'UTCF","2010","2010","T_CO2_EQVT","Tonnes d'équivalent CO2","3","Milliers",,,211675.152,,
"NLD","Pays-Bas","GHG","Gazs à effet de serre","TOTAL","Emissions totales exluant l'UTCF","2011","2011","T_CO2_EQVT","Tonnes d'équivalent CO2","3","Milliers",,,197327.07,,
"NLD","Pays-Bas","GHG","Gazs à effet de serre","TOTAL","Emissions totales exluant l'UTCF","2012","2012","T_CO2_EQVT","Tonnes d'équivalent CO2","3","Milliers",,,193081.483,,
"NLD","Pays-Bas","GHG","Gazs à effet de serre","TOTAL","Emissions totales exluant l'UTCF","2013","2013","T_CO2_EQVT","Tonnes d'équivalent CO2","3","Milliers",,,193387.532,,
"NLD","Pays-Bas","GHG","Gazs à effet de serre","TOTAL","Emissions totales exluant l'UTCF","2014","2014","T_CO2_EQVT","Tonnes d'équivalent CO2","3","Milliers",,,185617.271,,
"NLD","Pays-Bas","GHG","Gazs à effet de serre","TOTAL","Emissions totales exluant l'UTCF","2015","2015","T_CO2_EQVT","Tonnes d'équivalent CO2","3","Milliers",,,192712.73,,
"NLD","Pays-Bas","GHG","Gazs à effet de serre","TOTAL","Emissions totales exluant l'UTCF","2016","2016","T_CO2_EQVT","Tonnes d'équivalent CO2","3","Milliers",,,193101.018,,
"NLD","Pays-Bas","GHG","Gazs à effet de serre","TOTAL","Emissions totales exluant l'UTCF","2017","2017","T_CO2_EQVT","Tonnes d'équivalent CO2","3","Milliers",,,190567.47,,
"NLD","Pays-Bas","GHG","Gazs à effet de serre","TOTAL","Emissions totales exluant l'UTCF","2018","2018","T_CO2_EQVT","Tonnes d'équivalent CO2","3","Milliers",,,186318.55,,
"NLD","Pays-Bas","GHG","Gazs à effet de serre","TOTAL","Emissions totales exluant l'UTCF","2019","2019","T_CO2_EQVT","Tonnes d'équivalent CO2","3","Milliers",,,180309.093,,
"NZL","Nouvelle-Zélande","GHG","Gazs à effet de serre","TOTAL","Emissions totales exluant l'UTCF","2010","2010","T_CO2_EQVT","Tonnes d'équivalent CO2","3","Milliers",,,78316.411,,
"NZL","Nouvelle-Zélande","GHG","Gazs à effet de serre","TOTAL","Emissions totales exluant l'UTCF","2011","2011","T_CO2_EQVT","Tonnes d'équivalent CO2","3","Milliers",,,78149.235,,
"NZL","Nouvelle-Zélande","GHG","Gazs à effet de serre","TOTAL","Emissions totales exluant l'UTCF","2012","2012","T_CO2_EQVT","Tonnes d'équivalent CO2","3","Milliers",,,80446.278,,
"NZL","Nouvelle-Zélande","GHG","Gazs à effet de serre","TOTAL","Emissions totales exluant l'UTCF","2013","2013","T_CO2_EQVT","Tonnes d'équivalent CO2","3","Milliers",,,79827.771,,
"NZL","Nouvelle-Zélande","GHG","Gazs à effet de serre","TOTAL","Emissions totales exluant l'UTCF","2014","2014","T_CO2_EQVT","Tonnes d'équivalent CO2","3","Milliers",,,80673.998,,
"NZL","Nouvelle-Zélande","GHG","Gazs à effet de serre","TOTAL","Emissions totales exluant l'UTCF","2015","2015","T_CO2_EQVT","Tonnes d'équivalent CO2","3","Milliers",,,80724.436,,
"NZL","Nouvelle-Zélande","GHG","Gazs à effet de serre","TOTAL","Emissions totales exluant l'UTCF","2016","2016","T_CO2_EQVT","Tonnes d'équivalent CO2","3","Milliers",,,78678.362,,
"NZL","Nouvelle-Zélande","GHG","Gazs à effet de serre","TOTAL","Emissions totales exluant l'UTCF","2017","2017","T_CO2_EQVT","Tonnes d'équivalent CO2","3","Milliers",,,80281.999,,
"NZL","Nouvelle-Zélande","GHG","Gazs à effet de serre","TOTAL","Emissions totales exluant l'UTCF","2018","2018","T_CO2_EQVT","Tonnes d'équivalent CO2","3","Milliers",,,80578.309,,
"NZL","Nouvelle-Zélande","GHG","Gazs à effet de serre","TOTAL","Emissions totales exluant l'UTCF","2019","2019","T_CO2_EQVT","Tonnes d'équivalent CO2","3","Milliers",,,82317.876,,
"NOR","Norvège","GHG","Gazs à effet de serre","TOTAL","Emissions totales exluant l'UTCF","2010","2010","T_CO2_EQVT","Tonnes d'équivalent CO2","3","Milliers",,,55265.593,,
"NOR","Norvège","GHG","Gazs à effet de serre","TOTAL","Emissions totales exluant l'UTCF","2011","2011","T_CO2_EQVT","Tonnes d'équivalent CO2","3","Milliers",,,54509.566,,
"NOR","Norvège","GHG","Gazs à effet de serre","TOTAL","Emissions totales exluant l'UTCF","2012","2012","T_CO2_EQVT","Tonnes d'équivalent CO2","3","Milliers",,,53998.113,,
"NOR","Norvège","GHG","Gazs à effet de serre","TOTAL","Emissions totales exluant l'UTCF","2013","2013","T_CO2_EQVT","Tonnes d'équivalent CO2","3","Milliers",,,53989.102,,
"NOR","Norvège","GHG","Gazs à effet de serre","TOTAL","Emissions totales exluant l'UTCF","2014","2014","T_CO2_EQVT","Tonnes d'équivalent CO2","3","Milliers",,,53863.144,,
"NOR","Norvège","GHG","Gazs à effet de serre","TOTAL","Emissions totales exluant l'UTCF","2015","2015","T_CO2_EQVT","Tonnes d'équivalent CO2","3","Milliers",,,54125.115,,
"NOR","Norvège","GHG","Gazs à effet de serre","TOTAL","Emissions totales exluant l'UTCF","2016","2016","T_CO2_EQVT","Tonnes d'équivalent CO2","3","Milliers",,,53095.067,,
"NOR","Norvège","GHG","Gazs à effet de serre","TOTAL","Emissions totales exluant l'UTCF","2017","2017","T_CO2_EQVT","Tonnes d'équivalent CO2","3","Milliers",,,52089.482,,
"NOR","Norvège","GHG","Gazs à effet de serre","TOTAL","Emissions totales exluant l'UTCF","2018","2018","T_CO2_EQVT","Tonnes d'équivalent CO2","3","Milliers",,,52211.459,,
"NOR","Norvège","GHG","Gazs à effet de serre","TOTAL","Emissions totales exluant l'UTCF","2019","2019","T_CO2_EQVT","Tonnes d'équivalent CO2","3","Milliers",,,50333.98,,
"POL","Pologne","GHG","Gazs à effet de serre","TOTAL","Emissions totales exluant l'UTCF","2010","2010","T_CO2_EQVT","Tonnes d'équivalent CO2","3","Milliers",,,413501.547,,
"POL","Pologne","GHG","Gazs à effet de serre","TOTAL","Emissions totales exluant l'UTCF","2011","2011","T_CO2_EQVT","Tonnes d'équivalent CO2","3","Milliers",,,412488.954,,
"POL","Pologne","GHG","Gazs à effet de serre","TOTAL","Emissions totales exluant l'UTCF","2012","2012","T_CO2_EQVT","Tonnes d'équivalent CO2","3","Milliers",,,404975.672,,
"POL","Pologne","GHG","Gazs à effet de serre","TOTAL","Emissions totales exluant l'UTCF","2013","2013","T_CO2_EQVT","Tonnes d'équivalent CO2","3","Milliers",,,401638.242,,
"POL","Pologne","GHG","Gazs à effet de serre","TOTAL","Emissions totales exluant l'UTCF","2014","2014","T_CO2_EQVT","Tonnes d'équivalent CO2","3","Milliers",,,388929.074,,
"POL","Pologne","GHG","Gazs à effet de serre","TOTAL","Emissions totales exluant l'UTCF","2015","2015","T_CO2_EQVT","Tonnes d'équivalent CO2","3","Milliers",,,390815.884,,
"POL","Pologne","GHG","Gazs à effet de serre","TOTAL","Emissions totales exluant l'UTCF","2016","2016","T_CO2_EQVT","Tonnes d'équivalent CO2","3","Milliers",,,400421.284,,
"POL","Pologne","GHG","Gazs à effet de serre","TOTAL","Emissions totales exluant l'UTCF","2017","2017","T_CO2_EQVT","Tonnes d'équivalent CO2","3","Milliers",,,414819.409,,
"POL","Pologne","GHG","Gazs à effet de serre","TOTAL","Emissions totales exluant l'UTCF","2018","2018","T_CO2_EQVT","Tonnes d'équivalent CO2","3","Milliers",,,411852.174,,
"POL","Pologne","GHG","Gazs à effet de serre","TOTAL","Emissions totales exluant l'UTCF","2019","2019","T_CO2_EQVT","Tonnes d'équivalent CO2","3","Milliers",,,390744.668,,
"PRT","Portugal","GHG","Gazs à effet de serre","TOTAL","Emissions totales exluant l'UTCF","2010","2010","T_CO2_EQVT","Tonnes d'équivalent CO2","3","Milliers",,,68727.03,,
"PRT","Portugal","GHG","Gazs à effet de serre","TOTAL","Emissions totales exluant l'UTCF","2011","2011","T_CO2_EQVT","Tonnes d'équivalent CO2","3","Milliers",,,67319.085,,
"PRT","Portugal","GHG","Gazs à effet de serre","TOTAL","Emissions totales exluant l'UTCF","2012","2012","T_CO2_EQVT","Tonnes d'équivalent CO2","3","Milliers",,,65404.627,,
"PRT","Portugal","GHG","Gazs à effet de serre","TOTAL","Emissions totales exluant l'UTCF","2013","2013","T_CO2_EQVT","Tonnes d'équivalent CO2","3","Milliers",,,63542.232,,
"PRT","Portugal","GHG","Gazs à effet de serre","TOTAL","Emissions totales exluant l'UTCF","2014","2014","T_CO2_EQVT","Tonnes d'équivalent CO2","3","Milliers",,,63439.831,,
"PRT","Portugal","GHG","Gazs à effet de serre","TOTAL","Emissions totales exluant l'UTCF","2015","2015","T_CO2_EQVT","Tonnes d'équivalent CO2","3","Milliers",,,67586.669,,
"PRT","Portugal","GHG","Gazs à effet de serre","TOTAL","Emissions totales exluant l'UTCF","2016","2016","T_CO2_EQVT","Tonnes d'équivalent CO2","3","Milliers",,,65741.584,,
"PRT","Portugal","GHG","Gazs à effet de serre","TOTAL","Emissions totales exluant l'UTCF","2017","2017","T_CO2_EQVT","Tonnes d'équivalent CO2","3","Milliers",,,70790.721,,
"PRT","Portugal","GHG","Gazs à effet de serre","TOTAL","Emissions totales exluant l'UTCF","2018","2018","T_CO2_EQVT","Tonnes d'équivalent CO2","3","Milliers",,,67131.787,,
"PRT","Portugal","GHG","Gazs à effet de serre","TOTAL","Emissions totales exluant l'UTCF","2019","2019","T_CO2_EQVT","Tonnes d'équivalent CO2","3","Milliers",,,63469.977,,
"SVK","République slovaque","GHG","Gazs à effet de serre","TOTAL","Emissions totales exluant l'UTCF","2010","2010","T_CO2_EQVT","Tonnes d'équivalent CO2","3","Milliers",,,45363.929,,
"SVK","République slovaque","GHG","Gazs à effet de serre","TOTAL","Emissions totales exluant l'UTCF","2011","2011","T_CO2_EQVT","Tonnes d'équivalent CO2","3","Milliers",,,44555.466,,
"SVK","République slovaque","GHG","Gazs à effet de serre","TOTAL","Emissions totales exluant l'UTCF","2012","2012","T_CO2_EQVT","Tonnes d'équivalent CO2","3","Milliers",,,42309.221,,
"SVK","République slovaque","GHG","Gazs à effet de serre","TOTAL","Emissions totales exluant l'UTCF","2013","2013","T_CO2_EQVT","Tonnes d'équivalent CO2","3","Milliers",,,41862.564,,
"SVK","République slovaque","GHG","Gazs à effet de serre","TOTAL","Emissions totales exluant l'UTCF","2014","2014","T_CO2_EQVT","Tonnes d'équivalent CO2","3","Milliers",,,39862.99,,
"SVK","République slovaque","GHG","Gazs à effet de serre","TOTAL","Emissions totales exluant l'UTCF","2015","2015","T_CO2_EQVT","Tonnes d'équivalent CO2","3","Milliers",,,40712.461,,
"SVK","République slovaque","GHG","Gazs à effet de serre","TOTAL","Emissions totales exluant l'UTCF","2016","2016","T_CO2_EQVT","Tonnes d'équivalent CO2","3","Milliers",,,41112.124,,
"SVK","République slovaque","GHG","Gazs à effet de serre","TOTAL","Emissions totales exluant l'UTCF","2017","2017","T_CO2_EQVT","Tonnes d'équivalent CO2","3","Milliers",,,42226.703,,
"SVK","République slovaque","GHG","Gazs à effet de serre","TOTAL","Emissions totales exluant l'UTCF","2018","2018","T_CO2_EQVT","Tonnes d'équivalent CO2","3","Milliers",,,42159.127,,
"SVK","République slovaque","GHG","Gazs à effet de serre","TOTAL","Emissions totales exluant l'UTCF","2019","2019","T_CO2_EQVT","Tonnes d'équivalent CO2","3","Milliers",,,39948.333,,
"ESP","Espagne","GHG","Gazs à effet de serre","TOTAL","Emissions totales exluant l'UTCF","2010","2010","T_CO2_EQVT","Tonnes d'équivalent CO2","3","Milliers",,,357876.018,,
"ESP","Espagne","GHG","Gazs à effet de serre","TOTAL","Emissions totales exluant l'UTCF","2011","2011","T_CO2_EQVT","Tonnes d'équivalent CO2","3","Milliers",,,357588.454,,
"ESP","Espagne","GHG","Gazs à effet de serre","TOTAL","Emissions totales exluant l'UTCF","2012","2012","T_CO2_EQVT","Tonnes d'équivalent CO2","3","Milliers",,,350317.744,,
"ESP","Espagne","GHG","Gazs à effet de serre","TOTAL","Emissions totales exluant l'UTCF","2013","2013","T_CO2_EQVT","Tonnes d'équivalent CO2","3","Milliers",,,323525.943,,
"ESP","Espagne","GHG","Gazs à effet de serre","TOTAL","Emissions totales exluant l'UTCF","2014","2014","T_CO2_EQVT","Tonnes d'équivalent CO2","3","Milliers",,,325609.359,,
"ESP","Espagne","GHG","Gazs à effet de serre","TOTAL","Emissions totales exluant l'UTCF","2015","2015","T_CO2_EQVT","Tonnes d'équivalent CO2","3","Milliers",,,336994.883,,
"ESP","Espagne","GHG","Gazs à effet de serre","TOTAL","Emissions totales exluant l'UTCF","2016","2016","T_CO2_EQVT","Tonnes d'équivalent CO2","3","Milliers",,,325465.701,,
"ESP","Espagne","GHG","Gazs à effet de serre","TOTAL","Emissions totales exluant l'UTCF","2017","2017","T_CO2_EQVT","Tonnes d'équivalent CO2","3","Milliers",,,338738.171,,
"ESP","Espagne","GHG","Gazs à effet de serre","TOTAL","Emissions totales exluant l'UTCF","2018","2018","T_CO2_EQVT","Tonnes d'équivalent CO2","3","Milliers",,,333250.407,,
"ESP","Espagne","GHG","Gazs à effet de serre","TOTAL","Emissions totales exluant l'UTCF","2019","2019","T_CO2_EQVT","Tonnes d'équivalent CO2","3","Milliers",,,314528.511,,
"SWE","Suède","GHG","Gazs à effet de serre","TOTAL","Emissions totales exluant l'UTCF","2010","2010","T_CO2_EQVT","Tonnes d'équivalent CO2","3","Milliers",,,64557.431,,
"SWE","Suède","GHG","Gazs à effet de serre","TOTAL","Emissions totales exluant l'UTCF","2011","2011","T_CO2_EQVT","Tonnes d'équivalent CO2","3","Milliers",,,60230.622,,
"SWE","Suède","GHG","Gazs à effet de serre","TOTAL","Emissions totales exluant l'UTCF","2012","2012","T_CO2_EQVT","Tonnes d'équivalent CO2","3","Milliers",,,57376.448,,
"SWE","Suède","GHG","Gazs à effet de serre","TOTAL","Emissions totales exluant l'UTCF","2013","2013","T_CO2_EQVT","Tonnes d'équivalent CO2","3","Milliers",,,55718.952,,
"SWE","Suède","GHG","Gazs à effet de serre","TOTAL","Emissions totales exluant l'UTCF","2014","2014","T_CO2_EQVT","Tonnes d'équivalent CO2","3","Milliers",,,53833.298,,
"SWE","Suède","GHG","Gazs à effet de serre","TOTAL","Emissions totales exluant l'UTCF","2015","2015","T_CO2_EQVT","Tonnes d'équivalent CO2","3","Milliers",,,53998.524,,
"SWE","Suède","GHG","Gazs à effet de serre","TOTAL","Emissions totales exluant l'UTCF","2016","2016","T_CO2_EQVT","Tonnes d'équivalent CO2","3","Milliers",,,53571.517,,
"SWE","Suède","GHG","Gazs à effet de serre","TOTAL","Emissions totales exluant l'UTCF","2017","2017","T_CO2_EQVT","Tonnes d'équivalent CO2","3","Milliers",,,53010.592,,
"SWE","Suède","GHG","Gazs à effet de serre","TOTAL","Emissions totales exluant l'UTCF","2018","2018","T_CO2_EQVT","Tonnes d'équivalent CO2","3","Milliers",,,52170.215,,
"SWE","Suède","GHG","Gazs à effet de serre","TOTAL","Emissions totales exluant l'UTCF","2019","2019","T_CO2_EQVT","Tonnes d'équivalent CO2","3","Milliers",,,50919.865,,
"CHE","Suisse","GHG","Gazs à effet de serre","TOTAL","Emissions totales exluant l'UTCF","2010","2010","T_CO2_EQVT","Tonnes d'équivalent CO2","3","Milliers",,,54721.379,,
"CHE","Suisse","GHG","Gazs à effet de serre","TOTAL","Emissions totales exluant l'UTCF","2011","2011","T_CO2_EQVT","Tonnes d'équivalent CO2","3","Milliers",,,50606.398,,
"CHE","Suisse","GHG","Gazs à effet de serre","TOTAL","Emissions totales exluant l'UTCF","2012","2012","T_CO2_EQVT","Tonnes d'équivalent CO2","3","Milliers",,,51946.231,,
"CHE","Suisse","GHG","Gazs à effet de serre","TOTAL","Emissions totales exluant l'UTCF","2013","2013","T_CO2_EQVT","Tonnes d'équivalent CO2","3","Milliers",,,52831.533,,
"CHE","Suisse","GHG","Gazs à effet de serre","TOTAL","Emissions totales exluant l'UTCF","2014","2014","T_CO2_EQVT","Tonnes d'équivalent CO2","3","Milliers",,,48875.414,,
"CHE","Suisse","GHG","Gazs à effet de serre","TOTAL","Emissions totales exluant l'UTCF","2015","2015","T_CO2_EQVT","Tonnes d'équivalent CO2","3","Milliers",,,48415.619,,
"CHE","Suisse","GHG","Gazs à effet de serre","TOTAL","Emissions totales exluant l'UTCF","2016","2016","T_CO2_EQVT","Tonnes d'équivalent CO2","3","Milliers",,,48709.063,,
"CHE","Suisse","GHG","Gazs à effet de serre","TOTAL","Emissions totales exluant l'UTCF","2017","2017","T_CO2_EQVT","Tonnes d'équivalent CO2","3","Milliers",,,47868.934,,
"CHE","Suisse","GHG","Gazs à effet de serre","TOTAL","Emissions totales exluant l'UTCF","2018","2018","T_CO2_EQVT","Tonnes d'équivalent CO2","3","Milliers",,,46369.711,,
"CHE","Suisse","GHG","Gazs à effet de serre","TOTAL","Emissions totales exluant l'UTCF","2019","2019","T_CO2_EQVT","Tonnes d'équivalent CO2","3","Milliers",,,46108.187,,
"TUR","Turquie","GHG","Gazs à effet de serre","TOTAL","Emissions totales exluant l'UTCF","2010","2010","T_CO2_EQVT","Tonnes d'équivalent CO2","3","Milliers",,,399143.062,,
"TUR","Turquie","GHG","Gazs à effet de serre","TOTAL","Emissions totales exluant l'UTCF","2011","2011","T_CO2_EQVT","Tonnes d'équivalent CO2","3","Milliers",,,428120.386,,
"TUR","Turquie","GHG","Gazs à effet de serre","TOTAL","Emissions totales exluant l'UTCF","2012","2012","T_CO2_EQVT","Tonnes d'équivalent CO2","3","Milliers",,,447582.085,,
"TUR","Turquie","GHG","Gazs à effet de serre","TOTAL","Emissions totales exluant l'UTCF","2013","2013","T_CO2_EQVT","Tonnes d'équivalent CO2","3","Milliers",,,439694.382,,
"TUR","Turquie","GHG","Gazs à effet de serre","TOTAL","Emissions totales exluant l'UTCF","2014","2014","T_CO2_EQVT","Tonnes d'équivalent CO2","3","Milliers",,,458953.878,,
"TUR","Turquie","GHG","Gazs à effet de serre","TOTAL","Emissions totales exluant l'UTCF","2015","2015","T_CO2_EQVT","Tonnes d'équivalent CO2","3","Milliers",,,473335.824,,
"TUR","Turquie","GHG","Gazs à effet de serre","TOTAL","Emissions totales exluant l'UTCF","2016","2016","T_CO2_EQVT","Tonnes d'équivalent CO2","3","Milliers",,,498886.779,,
"TUR","Turquie","GHG","Gazs à effet de serre","TOTAL","Emissions totales exluant l'UTCF","2017","2017","T_CO2_EQVT","Tonnes d'équivalent CO2","3","Milliers",,,524980.915,,
"TUR","Turquie","GHG","Gazs à effet de serre","TOTAL","Emissions totales exluant l'UTCF","2018","2018","T_CO2_EQVT","Tonnes d'équivalent CO2","3","Milliers",,,522476.628,,
"TUR","Turquie","GHG","Gazs à effet de serre","TOTAL","Emissions totales exluant l'UTCF","2019","2019","T_CO2_EQVT","Tonnes d'équivalent CO2","3","Milliers",,,506080.418,,
"GBR","Royaume-Uni","GHG","Gazs à effet de serre","TOTAL","Emissions totales exluant l'UTCF","2010","2010","T_CO2_EQVT","Tonnes d'équivalent CO2","3","Milliers",,,608732.302,,
"GBR","Royaume-Uni","GHG","Gazs à effet de serre","TOTAL","Emissions totales exluant l'UTCF","2011","2011","T_CO2_EQVT","Tonnes d'équivalent CO2","3","Milliers",,,563659.978,,
"GBR","Royaume-Uni","GHG","Gazs à effet de serre","TOTAL","Emissions totales exluant l'UTCF","2012","2012","T_CO2_EQVT","Tonnes d'équivalent CO2","3","Milliers",,,580418.639,,
"GBR","Royaume-Uni","GHG","Gazs à effet de serre","TOTAL","Emissions totales exluant l'UTCF","2013","2013","T_CO2_EQVT","Tonnes d'équivalent CO2","3","Milliers",,,566545.827,,
"GBR","Royaume-Uni","GHG","Gazs à effet de serre","TOTAL","Emissions totales exluant l'UTCF","2014","2014","T_CO2_EQVT","Tonnes d'équivalent CO2","3","Milliers",,,526556.3,,
"GBR","Royaume-Uni","GHG","Gazs à effet de serre","TOTAL","Emissions totales exluant l'UTCF","2015","2015","T_CO2_EQVT","Tonnes d'équivalent CO2","3","Milliers",,,509050.718,,
"GBR","Royaume-Uni","GHG","Gazs à effet de serre","TOTAL","Emissions totales exluant l'UTCF","2016","2016","T_CO2_EQVT","Tonnes d'équivalent CO2","3","Milliers",,,484146.195,,
"GBR","Royaume-Uni","GHG","Gazs à effet de serre","TOTAL","Emissions totales exluant l'UTCF","2017","2017","T_CO2_EQVT","Tonnes d'équivalent CO2","3","Milliers",,,473389.976,,
"GBR","Royaume-Uni","GHG","Gazs à effet de serre","TOTAL","Emissions totales exluant l'UTCF","2018","2018","T_CO2_EQVT","Tonnes d'équivalent CO2","3","Milliers",,,466666.983,,
"GBR","Royaume-Uni","GHG","Gazs à effet de serre","TOTAL","Emissions totales exluant l'UTCF","2019","2019","T_CO2_EQVT","Tonnes d'équivalent CO2","3","Milliers",,,453101.458,,
"USA","États-Unis","GHG","Gazs à effet de serre","TOTAL","Emissions totales exluant l'UTCF","2010","2010","T_CO2_EQVT","Tonnes d'équivalent CO2","3","Milliers",,,6991106.343,,
"USA","États-Unis","GHG","Gazs à effet de serre","TOTAL","Emissions totales exluant l'UTCF","2011","2011","T_CO2_EQVT","Tonnes d'équivalent CO2","3","Milliers",,,6827402.421,,
"USA","États-Unis","GHG","Gazs à effet de serre","TOTAL","Emissions totales exluant l'UTCF","2012","2012","T_CO2_EQVT","Tonnes d'équivalent CO2","3","Milliers",,,6585907.766,,
"USA","États-Unis","GHG","Gazs à effet de serre","TOTAL","Emissions totales exluant l'UTCF","2013","2013","T_CO2_EQVT","Tonnes d'équivalent CO2","3","Milliers",,,6764669.11,,
"USA","États-Unis","GHG","Gazs à effet de serre","TOTAL","Emissions totales exluant l'UTCF","2014","2014","T_CO2_EQVT","Tonnes d'équivalent CO2","3","Milliers",,,6824956.709,,
"USA","États-Unis","GHG","Gazs à effet de serre","TOTAL","Emissions totales exluant l'UTCF","2015","2015","T_CO2_EQVT","Tonnes d'équivalent CO2","3","Milliers",,,6671112.065,,
"USA","États-Unis","GHG","Gazs à effet de serre","TOTAL","Emissions totales exluant l'UTCF","2016","2016","T_CO2_EQVT","Tonnes d'équivalent CO2","3","Milliers",,,6520337.839,,
"USA","États-Unis","GHG","Gazs à effet de serre","TOTAL","Emissions totales exluant l'UTCF","2017","2017","T_CO2_EQVT","Tonnes d'équivalent CO2","3","Milliers",,,6483291.331,,
"USA","États-Unis","GHG","Gazs à effet de serre","TOTAL","Emissions totales exluant l'UTCF","2018","2018","T_CO2_EQVT","Tonnes d'équivalent CO2","3","Milliers",,,6671449.401,,
"USA","États-Unis","GHG","Gazs à effet de serre","TOTAL","Emissions totales exluant l'UTCF","2019","2019","T_CO2_EQVT","Tonnes d'équivalent CO2","3","Milliers",,,6558345.179,,
"CHL","Chili","GHG","Gazs à effet de serre","TOTAL","Emissions totales exluant l'UTCF","2010","2010","T_CO2_EQVT","Tonnes d'équivalent CO2","3","Milliers",,,87942.075,,
"CHL","Chili","GHG","Gazs à effet de serre","TOTAL","Emissions totales exluant l'UTCF","2011","2011","T_CO2_EQVT","Tonnes d'équivalent CO2","3","Milliers",,,96508.946,,
"CHL","Chili","GHG","Gazs à effet de serre","TOTAL","Emissions totales exluant l'UTCF","2012","2012","T_CO2_EQVT","Tonnes d'équivalent CO2","3","Milliers",,,102424.839,,
"CHL","Chili","GHG","Gazs à effet de serre","TOTAL","Emissions totales exluant l'UTCF","2013","2013","T_CO2_EQVT","Tonnes d'équivalent CO2","3","Milliers",,,102678.358,,
"CHL","Chili","GHG","Gazs à effet de serre","TOTAL","Emissions totales exluant l'UTCF","2014","2014","T_CO2_EQVT","Tonnes d'équivalent CO2","3","Milliers",,,99268.127,,
"CHL","Chili","GHG","Gazs à effet de serre","TOTAL","Emissions totales exluant l'UTCF","2015","2015","T_CO2_EQVT","Tonnes d'équivalent CO2","3","Milliers",,,106342.22,,
"CHL","Chili","GHG","Gazs à effet de serre","TOTAL","Emissions totales exluant l'UTCF","2016","2016","T_CO2_EQVT","Tonnes d'équivalent CO2","3","Milliers",,,110156.038,,
"CHL","Chili","GHG","Gazs à effet de serre","TOTAL","Emissions totales exluant l'UTCF","2017","2017","T_CO2_EQVT","Tonnes d'équivalent CO2","3","Milliers",,,111215.638,,
"CHL","Chili","GHG","Gazs à effet de serre","TOTAL","Emissions totales exluant l'UTCF","2018","2018","T_CO2_EQVT","Tonnes d'équivalent CO2","3","Milliers",,,112312.62,,
"EST","Estonie","GHG","Gazs à effet de serre","TOTAL","Emissions totales exluant l'UTCF","2010","2010","T_CO2_EQVT","Tonnes d'équivalent CO2","3","Milliers",,,21218.191,,
"EST","Estonie","GHG","Gazs à effet de serre","TOTAL","Emissions totales exluant l'UTCF","2011","2011","T_CO2_EQVT","Tonnes d'équivalent CO2","3","Milliers",,,21286.17,,
"EST","Estonie","GHG","Gazs à effet de serre","TOTAL","Emissions totales exluant l'UTCF","2012","2012","T_CO2_EQVT","Tonnes d'équivalent CO2","3","Milliers",,,20114.882,,
"EST","Estonie","GHG","Gazs à effet de serre","TOTAL","Emissions totales exluant l'UTCF","2013","2013","T_CO2_EQVT","Tonnes d'équivalent CO2","3","Milliers",,,22019.839,,
"EST","Estonie","GHG","Gazs à effet de serre","TOTAL","Emissions totales exluant l'UTCF","2014","2014","T_CO2_EQVT","Tonnes d'équivalent CO2","3","Milliers",,,21176.379,,
"EST","Estonie","GHG","Gazs à effet de serre","TOTAL","Emissions totales exluant l'UTCF","2015","2015","T_CO2_EQVT","Tonnes d'équivalent CO2","3","Milliers",,,18139.322,,
"EST","Estonie","GHG","Gazs à effet de serre","TOTAL","Emissions totales exluant l'UTCF","2016","2016","T_CO2_EQVT","Tonnes d'équivalent CO2","3","Milliers",,,19808.931,,
"EST","Estonie","GHG","Gazs à effet de serre","TOTAL","Emissions totales exluant l'UTCF","2017","2017","T_CO2_EQVT","Tonnes d'équivalent CO2","3","Milliers",,,21066.437,,
"EST","Estonie","GHG","Gazs à effet de serre","TOTAL","Emissions totales exluant l'UTCF","2018","2018","T_CO2_EQVT","Tonnes d'équivalent CO2","3","Milliers",,,20206.362,,
"EST","Estonie","GHG","Gazs à effet de serre","TOTAL","Emissions totales exluant l'UTCF","2019","2019","T_CO2_EQVT","Tonnes d'équivalent CO2","3","Milliers",,,14699.117,,
"ISR","Israël","GHG","Gazs à effet de serre","TOTAL","Emissions totales exluant l'UTCF","2010","2010","T_CO2_EQVT","Tonnes d'équivalent CO2","3","Milliers",,,75694.833,,
"ISR","Israël","GHG","Gazs à effet de serre","TOTAL","Emissions totales exluant l'UTCF","2011","2011","T_CO2_EQVT","Tonnes d'équivalent CO2","3","Milliers",,,77842.955,,
"ISR","Israël","GHG","Gazs à effet de serre","TOTAL","Emissions totales exluant l'UTCF","2012","2012","T_CO2_EQVT","Tonnes d'équivalent CO2","3","Milliers",,,83789.441,,
"ISR","Israël","GHG","Gazs à effet de serre","TOTAL","Emissions totales exluant l'UTCF","2013","2013","T_CO2_EQVT","Tonnes d'équivalent CO2","3","Milliers",,,78235.475,,
"ISR","Israël","GHG","Gazs à effet de serre","TOTAL","Emissions totales exluant l'UTCF","2014","2014","T_CO2_EQVT","Tonnes d'équivalent CO2","3","Milliers",,,75994.772,,
"ISR","Israël","GHG","Gazs à effet de serre","TOTAL","Emissions totales exluant l'UTCF","2015","2015","T_CO2_EQVT","Tonnes d'équivalent CO2","3","Milliers",,,79125.778,,
"ISR","Israël","GHG","Gazs à effet de serre","TOTAL","Emissions totales exluant l'UTCF","2016","2016","T_CO2_EQVT","Tonnes d'équivalent CO2","3","Milliers",,,78984.705,,
"ISR","Israël","GHG","Gazs à effet de serre","TOTAL","Emissions totales exluant l'UTCF","2017","2017","T_CO2_EQVT","Tonnes d'équivalent CO2","3","Milliers",,,77903.682,,
"ISR","Israël","GHG","Gazs à effet de serre","TOTAL","Emissions totales exluant l'UTCF","2018","2018","T_CO2_EQVT","Tonnes d'équivalent CO2","3","Milliers",,,78583.898,,
"RUS","Russie","GHG","Gazs à effet de serre","TOTAL","Emissions totales exluant l'UTCF","2010","2010","T_CO2_EQVT","Tonnes d'équivalent CO2","3","Milliers",,,2013432.446,,
"RUS","Russie","GHG","Gazs à effet de serre","TOTAL","Emissions totales exluant l'UTCF","2011","2011","T_CO2_EQVT","Tonnes d'équivalent CO2","3","Milliers",,,2070533.856,,
"RUS","Russie","GHG","Gazs à effet de serre","TOTAL","Emissions totales exluant l'UTCF","2012","2012","T_CO2_EQVT","Tonnes d'équivalent CO2","3","Milliers",,,2095638.943,,
"RUS","Russie","GHG","Gazs à effet de serre","TOTAL","Emissions totales exluant l'UTCF","2013","2013","T_CO2_EQVT","Tonnes d'équivalent CO2","3","Milliers",,,2037755.833,,
"RUS","Russie","GHG","Gazs à effet de serre","TOTAL","Emissions totales exluant l'UTCF","2014","2014","T_CO2_EQVT","Tonnes d'équivalent CO2","3","Milliers",,,2037987.26,,
"RUS","Russie","GHG","Gazs à effet de serre","TOTAL","Emissions totales exluant l'UTCF","2015","2015","T_CO2_EQVT","Tonnes d'équivalent CO2","3","Milliers",,,2035889.298,,
"RUS","Russie","GHG","Gazs à effet de serre","TOTAL","Emissions totales exluant l'UTCF","2016","2016","T_CO2_EQVT","Tonnes d'équivalent CO2","3","Milliers",,,2037209.582,,
"RUS","Russie","GHG","Gazs à effet de serre","TOTAL","Emissions totales exluant l'UTCF","2017","2017","T_CO2_EQVT","Tonnes d'équivalent CO2","3","Milliers",,,2071543.366,,
"RUS","Russie","GHG","Gazs à effet de serre","TOTAL","Emissions totales exluant l'UTCF","2018","2018","T_CO2_EQVT","Tonnes d'équivalent CO2","3","Milliers",,,2133581.603,,
"RUS","Russie","GHG","Gazs à effet de serre","TOTAL","Emissions totales exluant l'UTCF","2019","2019","T_CO2_EQVT","Tonnes d'équivalent CO2","3","Milliers",,,2119432.414,,
"SVN","Slovénie","GHG","Gazs à effet de serre","TOTAL","Emissions totales exluant l'UTCF","2010","2010","T_CO2_EQVT","Tonnes d'équivalent CO2","3","Milliers",,,19613.539,,
"SVN","Slovénie","GHG","Gazs à effet de serre","TOTAL","Emissions totales exluant l'UTCF","2011","2011","T_CO2_EQVT","Tonnes d'équivalent CO2","3","Milliers",,,19540.393,,
"SVN","Slovénie","GHG","Gazs à effet de serre","TOTAL","Emissions totales exluant l'UTCF","2012","2012","T_CO2_EQVT","Tonnes d'équivalent CO2","3","Milliers",,,18917.614,,
"SVN","Slovénie","GHG","Gazs à effet de serre","TOTAL","Emissions totales exluant l'UTCF","2013","2013","T_CO2_EQVT","Tonnes d'équivalent CO2","3","Milliers",,,18220.966,,
"SVN","Slovénie","GHG","Gazs à effet de serre","TOTAL","Emissions totales exluant l'UTCF","2014","2014","T_CO2_EQVT","Tonnes d'équivalent CO2","3","Milliers",,,16581.502,,
"SVN","Slovénie","GHG","Gazs à effet de serre","TOTAL","Emissions totales exluant l'UTCF","2015","2015","T_CO2_EQVT","Tonnes d'équivalent CO2","3","Milliers",,,16760.947,,
"SVN","Slovénie","GHG","Gazs à effet de serre","TOTAL","Emissions totales exluant l'UTCF","2016","2016","T_CO2_EQVT","Tonnes d'équivalent CO2","3","Milliers",,,17616.463,,
"SVN","Slovénie","GHG","Gazs à effet de serre","TOTAL","Emissions totales exluant l'UTCF","2017","2017","T_CO2_EQVT","Tonnes d'équivalent CO2","3","Milliers",,,17696.604,,
"SVN","Slovénie","GHG","Gazs à effet de serre","TOTAL","Emissions totales exluant l'UTCF","2018","2018","T_CO2_EQVT","Tonnes d'équivalent CO2","3","Milliers",,,17521.736,,
"SVN","Slovénie","GHG","Gazs à effet de serre","TOTAL","Emissions totales exluant l'UTCF","2019","2019","T_CO2_EQVT","Tonnes d'équivalent CO2","3","Milliers",,,17065.451,,
"LTU","Lituanie","GHG","Gazs à effet de serre","TOTAL","Emissions totales exluant l'UTCF","2010","2010","T_CO2_EQVT","Tonnes d'équivalent CO2","3","Milliers",,,20742.364,,
"LTU","Lituanie","GHG","Gazs à effet de serre","TOTAL","Emissions totales exluant l'UTCF","2011","2011","T_CO2_EQVT","Tonnes d'équivalent CO2","3","Milliers",,,21338.656,,
"LTU","Lituanie","GHG","Gazs à effet de serre","TOTAL","Emissions totales exluant l'UTCF","2012","2012","T_CO2_EQVT","Tonnes d'équivalent CO2","3","Milliers",,,21261.46,,
"LTU","Lituanie","GHG","Gazs à effet de serre","TOTAL","Emissions totales exluant l'UTCF","2013","2013","T_CO2_EQVT","Tonnes d'équivalent CO2","3","Milliers",,,20023.996,,
"LTU","Lituanie","GHG","Gazs à effet de serre","TOTAL","Emissions totales exluant l'UTCF","2014","2014","T_CO2_EQVT","Tonnes d'équivalent CO2","3","Milliers",,,19986.693,,
"LTU","Lituanie","GHG","Gazs à effet de serre","TOTAL","Emissions totales exluant l'UTCF","2015","2015","T_CO2_EQVT","Tonnes d'équivalent CO2","3","Milliers",,,20283.035,,
"LTU","Lituanie","GHG","Gazs à effet de serre","TOTAL","Emissions totales exluant l'UTCF","2016","2016","T_CO2_EQVT","Tonnes d'équivalent CO2","3","Milliers",,,20311.832,,
"LTU","Lituanie","GHG","Gazs à effet de serre","TOTAL","Emissions totales exluant l'UTCF","2017","2017","T_CO2_EQVT","Tonnes d'équivalent CO2","3","Milliers",,,20518.877,,
"LTU","Lituanie","GHG","Gazs à effet de serre","TOTAL","Emissions totales exluant l'UTCF","2018","2018","T_CO2_EQVT","Tonnes d'équivalent CO2","3","Milliers",,,20150.099,,
"LTU","Lituanie","GHG","Gazs à effet de serre","TOTAL","Emissions totales exluant l'UTCF","2019","2019","T_CO2_EQVT","Tonnes d'équivalent CO2","3","Milliers",,,20367.848,,
"LVA","Lettonie","GHG","Gazs à effet de serre","TOTAL","Emissions totales exluant l'UTCF","2010","2010","T_CO2_EQVT","Tonnes d'équivalent CO2","3","Milliers",,,11820.118,,
"LVA","Lettonie","GHG","Gazs à effet de serre","TOTAL","Emissions totales exluant l'UTCF","2011","2011","T_CO2_EQVT","Tonnes d'équivalent CO2","3","Milliers",,,11029.888,,
"LVA","Lettonie","GHG","Gazs à effet de serre","TOTAL","Emissions totales exluant l'UTCF","2012","2012","T_CO2_EQVT","Tonnes d'équivalent CO2","3","Milliers",,,10851.359,,
"LVA","Lettonie","GHG","Gazs à effet de serre","TOTAL","Emissions totales exluant l'UTCF","2013","2013","T_CO2_EQVT","Tonnes d'équivalent CO2","3","Milliers",,,10763.411,,
"LVA","Lettonie","GHG","Gazs à effet de serre","TOTAL","Emissions totales exluant l'UTCF","2014","2014","T_CO2_EQVT","Tonnes d'équivalent CO2","3","Milliers",,,10671.011,,
"LVA","Lettonie","GHG","Gazs à effet de serre","TOTAL","Emissions totales exluant l'UTCF","2015","2015","T_CO2_EQVT","Tonnes d'équivalent CO2","3","Milliers",,,10724.859,,
"LVA","Lettonie","GHG","Gazs à effet de serre","TOTAL","Emissions totales exluant l'UTCF","2016","2016","T_CO2_EQVT","Tonnes d'équivalent CO2","3","Milliers",,,10716.527,,
"LVA","Lettonie","GHG","Gazs à effet de serre","TOTAL","Emissions totales exluant l'UTCF","2017","2017","T_CO2_EQVT","Tonnes d'équivalent CO2","3","Milliers",,,10757.136,,
"LVA","Lettonie","GHG","Gazs à effet de serre","TOTAL","Emissions totales exluant l'UTCF","2018","2018","T_CO2_EQVT","Tonnes d'équivalent CO2","3","Milliers",,,11260.717,,
"LVA","Lettonie","GHG","Gazs à effet de serre","TOTAL","Emissions totales exluant l'UTCF","2019","2019","T_CO2_EQVT","Tonnes d'équivalent CO2","3","Milliers",,,11132.135,,
"BRA","Brésil","GHG","Gazs à effet de serre","TOTAL","Emissions totales exluant l'UTCF","2010","2010","T_CO2_EQVT","Tonnes d'équivalent CO2","3","Milliers",,,921055.1,,
"BRA","Brésil","GHG","Gazs à effet de serre","TOTAL","Emissions totales exluant l'UTCF","2011","2011","T_CO2_EQVT","Tonnes d'équivalent CO2","3","Milliers",,,954163.29,,
"BRA","Brésil","GHG","Gazs à effet de serre","TOTAL","Emissions totales exluant l'UTCF","2012","2012","T_CO2_EQVT","Tonnes d'équivalent CO2","3","Milliers",,,985944.61,,
"BRA","Brésil","GHG","Gazs à effet de serre","TOTAL","Emissions totales exluant l'UTCF","2013","2013","T_CO2_EQVT","Tonnes d'équivalent CO2","3","Milliers",,,1030985.67,,
"BRA","Brésil","GHG","Gazs à effet de serre","TOTAL","Emissions totales exluant l'UTCF","2014","2014","T_CO2_EQVT","Tonnes d'équivalent CO2","3","Milliers",,,1062897.04,,
"BRA","Brésil","GHG","Gazs à effet de serre","TOTAL","Emissions totales exluant l'UTCF","2015","2015","T_CO2_EQVT","Tonnes d'équivalent CO2","3","Milliers",,,1041676.99,,
"BRA","Brésil","GHG","Gazs à effet de serre","TOTAL","Emissions totales exluant l'UTCF","2016","2016","T_CO2_EQVT","Tonnes d'équivalent CO2","3","Milliers",,,1014702.38,,
"CHN","Chine (République populaire de)","GHG","Gazs à effet de serre","TOTAL","Emissions totales exluant l'UTCF","2010","2010","T_CO2_EQVT","Tonnes d'équivalent CO2","3","Milliers",,,10543331,,
"CHN","Chine (République populaire de)","GHG","Gazs à effet de serre","TOTAL","Emissions totales exluant l'UTCF","2012","2012","T_CO2_EQVT","Tonnes d'équivalent CO2","3","Milliers",,,11895765,,
"CHN","Chine (République populaire de)","GHG","Gazs à effet de serre","TOTAL","Emissions totales exluant l'UTCF","2014","2014","T_CO2_EQVT","Tonnes d'équivalent CO2","3","Milliers",,,12300200,,
"COL","Colombie","GHG","Gazs à effet de serre","TOTAL","Emissions totales exluant l'UTCF","2010","2010","T_CO2_EQVT","Tonnes d'équivalent CO2","3","Milliers",,,138247.793,,
"COL","Colombie","GHG","Gazs à effet de serre","TOTAL","Emissions totales exluant l'UTCF","2011","2011","T_CO2_EQVT","Tonnes d'équivalent CO2","3","Milliers",,,133918.316,,
"COL","Colombie","GHG","Gazs à effet de serre","TOTAL","Emissions totales exluant l'UTCF","2012","2012","T_CO2_EQVT","Tonnes d'équivalent CO2","3","Milliers",,,139838.472,,
"COL","Colombie","GHG","Gazs à effet de serre","TOTAL","Emissions totales exluant l'UTCF","2013","2013","T_CO2_EQVT","Tonnes d'équivalent CO2","3","Milliers",,,147802.851,,
"COL","Colombie","GHG","Gazs à effet de serre","TOTAL","Emissions totales exluant l'UTCF","2014","2014","T_CO2_EQVT","Tonnes d'équivalent CO2","3","Milliers",,,150614.761,,
"CRI","Costa Rica","GHG","Gazs à effet de serre","TOTAL","Emissions totales exluant l'UTCF","2010","2010","T_CO2_EQVT","Tonnes d'équivalent CO2","3","Milliers",,,12895.959,,
"CRI","Costa Rica","GHG","Gazs à effet de serre","TOTAL","Emissions totales exluant l'UTCF","2011","2011","T_CO2_EQVT","Tonnes d'équivalent CO2","3","Milliers",,,13284.871,,
"CRI","Costa Rica","GHG","Gazs à effet de serre","TOTAL","Emissions totales exluant l'UTCF","2012","2012","T_CO2_EQVT","Tonnes d'équivalent CO2","3","Milliers",,,13405.559,,
"CRI","Costa Rica","GHG","Gazs à effet de serre","TOTAL","Emissions totales exluant l'UTCF","2013","2013","T_CO2_EQVT","Tonnes d'équivalent CO2","3","Milliers",,,13735.742,,
"CRI","Costa Rica","GHG","Gazs à effet de serre","TOTAL","Emissions totales exluant l'UTCF","2014","2014","T_CO2_EQVT","Tonnes d'équivalent CO2","3","Milliers",,,13850.137,,
"CRI","Costa Rica","GHG","Gazs à effet de serre","TOTAL","Emissions totales exluant l'UTCF","2015","2015","T_CO2_EQVT","Tonnes d'équivalent CO2","3","Milliers",,,13603.641,,
"CRI","Costa Rica","GHG","Gazs à effet de serre","TOTAL","Emissions totales exluant l'UTCF","2016","2016","T_CO2_EQVT","Tonnes d'équivalent CO2","3","Milliers",,,14234.46,,
"CRI","Costa Rica","GHG","Gazs à effet de serre","TOTAL","Emissions totales exluant l'UTCF","2017","2017","T_CO2_EQVT","Tonnes d'équivalent CO2","3","Milliers",,,14477.595,,
"IND","Inde","GHG","Gazs à effet de serre","TOTAL","Emissions totales exluant l'UTCF","2010","2010","T_CO2_EQVT","Tonnes d'équivalent CO2","3","Milliers",,,2100849.73,,
"IND","Inde","GHG","Gazs à effet de serre","TOTAL","Emissions totales exluant l'UTCF","2016","2016","T_CO2_EQVT","Tonnes d'équivalent CO2","3","Milliers",,,2839424.95,,
"IDN","Indonésie","GHG","Gazs à effet de serre","TOTAL","Emissions totales exluant l'UTCF","2010","2010","T_CO2_EQVT","Tonnes d'équivalent CO2","3","Milliers",,,685711,,
"IDN","Indonésie","GHG","Gazs à effet de serre","TOTAL","Emissions totales exluant l'UTCF","2011","2011","T_CO2_EQVT","Tonnes d'équivalent CO2","3","Milliers",,,726262,,
"IDN","Indonésie","GHG","Gazs à effet de serre","TOTAL","Emissions totales exluant l'UTCF","2012","2012","T_CO2_EQVT","Tonnes d'équivalent CO2","3","Milliers",,,757250,,
"IDN","Indonésie","GHG","Gazs à effet de serre","TOTAL","Emissions totales exluant l'UTCF","2013","2013","T_CO2_EQVT","Tonnes d'équivalent CO2","3","Milliers",,,796579,,
"IDN","Indonésie","GHG","Gazs à effet de serre","TOTAL","Emissions totales exluant l'UTCF","2014","2014","T_CO2_EQVT","Tonnes d'équivalent CO2","3","Milliers",,,864948,,
"IDN","Indonésie","GHG","Gazs à effet de serre","TOTAL","Emissions totales exluant l'UTCF","2015","2015","T_CO2_EQVT","Tonnes d'équivalent CO2","3","Milliers",,,907334,,
"IDN","Indonésie","GHG","Gazs à effet de serre","TOTAL","Emissions totales exluant l'UTCF","2016","2016","T_CO2_EQVT","Tonnes d'équivalent CO2","3","Milliers",,,883224,,
"ARG","Argentine","GHG","Gazs à effet de serre","TOTAL","Emissions totales exluant l'UTCF","2010","2010","T_CO2_EQVT","Tonnes d'équivalent CO2","3","Milliers",,,300695.19,,
"ARG","Argentine","GHG","Gazs à effet de serre","TOTAL","Emissions totales exluant l'UTCF","2011","2011","T_CO2_EQVT","Tonnes d'équivalent CO2","3","Milliers",,,310314.526,,
"ARG","Argentine","GHG","Gazs à effet de serre","TOTAL","Emissions totales exluant l'UTCF","2012","2012","T_CO2_EQVT","Tonnes d'équivalent CO2","3","Milliers",,,310670.242,,
"ARG","Argentine","GHG","Gazs à effet de serre","TOTAL","Emissions totales exluant l'UTCF","2013","2013","T_CO2_EQVT","Tonnes d'équivalent CO2","3","Milliers",,,321011.892,,
"ARG","Argentine","GHG","Gazs à effet de serre","TOTAL","Emissions totales exluant l'UTCF","2014","2014","T_CO2_EQVT","Tonnes d'équivalent CO2","3","Milliers",,,322554.612,,
"BGR","Bulgarie","GHG","Gazs à effet de serre","TOTAL","Emissions totales exluant l'UTCF","2010","2010","T_CO2_EQVT","Tonnes d'équivalent CO2","3","Milliers",,,59796.369,,
"BGR","Bulgarie","GHG","Gazs à effet de serre","TOTAL","Emissions totales exluant l'UTCF","2011","2011","T_CO2_EQVT","Tonnes d'équivalent CO2","3","Milliers",,,65071.426,,
"BGR","Bulgarie","GHG","Gazs à effet de serre","TOTAL","Emissions totales exluant l'UTCF","2012","2012","T_CO2_EQVT","Tonnes d'équivalent CO2","3","Milliers",,,60087.121,,
"BGR","Bulgarie","GHG","Gazs à effet de serre","TOTAL","Emissions totales exluant l'UTCF","2013","2013","T_CO2_EQVT","Tonnes d'équivalent CO2","3","Milliers",,,54893.915,,
"BGR","Bulgarie","GHG","Gazs à effet de serre","TOTAL","Emissions totales exluant l'UTCF","2014","2014","T_CO2_EQVT","Tonnes d'équivalent CO2","3","Milliers",,,57987.867,,
"BGR","Bulgarie","GHG","Gazs à effet de serre","TOTAL","Emissions totales exluant l'UTCF","2015","2015","T_CO2_EQVT","Tonnes d'équivalent CO2","3","Milliers",,,61338.351,,
"BGR","Bulgarie","GHG","Gazs à effet de serre","TOTAL","Emissions totales exluant l'UTCF","2016","2016","T_CO2_EQVT","Tonnes d'équivalent CO2","3","Milliers",,,58800.908,,
"BGR","Bulgarie","GHG","Gazs à effet de serre","TOTAL","Emissions totales exluant l'UTCF","2017","2017","T_CO2_EQVT","Tonnes d'équivalent CO2","3","Milliers",,,61148.468,,
"BGR","Bulgarie","GHG","Gazs à effet de serre","TOTAL","Emissions totales exluant l'UTCF","2018","2018","T_CO2_EQVT","Tonnes d'équivalent CO2","3","Milliers",,,57281.77,,
"BGR","Bulgarie","GHG","Gazs à effet de serre","TOTAL","Emissions totales exluant l'UTCF","2019","2019","T_CO2_EQVT","Tonnes d'équivalent CO2","3","Milliers",,,55955.277,,
"UKR","Ukraine","GHG","Gazs à effet de serre","TOTAL","Emissions totales exluant l'UTCF","2010","2010","T_CO2_EQVT","Tonnes d'équivalent CO2","3","Milliers",,,407123.689,,
"UKR","Ukraine","GHG","Gazs à effet de serre","TOTAL","Emissions totales exluant l'UTCF","2011","2011","T_CO2_EQVT","Tonnes d'équivalent CO2","3","Milliers",,,428395.17,,
"UKR","Ukraine","GHG","Gazs à effet de serre","TOTAL","Emissions totales exluant l'UTCF","2012","2012","T_CO2_EQVT","Tonnes d'équivalent CO2","3","Milliers",,,417435.214,,
"UKR","Ukraine","GHG","Gazs à effet de serre","TOTAL","Emissions totales exluant l'UTCF","2013","2013","T_CO2_EQVT","Tonnes d'équivalent CO2","3","Milliers",,,409042.06,,
"UKR","Ukraine","GHG","Gazs à effet de serre","TOTAL","Emissions totales exluant l'UTCF","2014","2014","T_CO2_EQVT","Tonnes d'équivalent CO2","3","Milliers",,,362608.939,,
"UKR","Ukraine","GHG","Gazs à effet de serre","TOTAL","Emissions totales exluant l'UTCF","2015","2015","T_CO2_EQVT","Tonnes d'équivalent CO2","3","Milliers",,,319141.185,,
"UKR","Ukraine","GHG","Gazs à effet de serre","TOTAL","Emissions totales exluant l'UTCF","2016","2016","T_CO2_EQVT","Tonnes d'équivalent CO2","3","Milliers",,,337456.511,,
"UKR","Ukraine","GHG","Gazs à effet de serre","TOTAL","Emissions totales exluant l'UTCF","2017","2017","T_CO2_EQVT","Tonnes d'équivalent CO2","3","Milliers",,,323045.056,,
"UKR","Ukraine","GHG","Gazs à effet de serre","TOTAL","Emissions totales exluant l'UTCF","2018","2018","T_CO2_EQVT","Tonnes d'équivalent CO2","3","Milliers",,,339797.892,,
"UKR","Ukraine","GHG","Gazs à effet de serre","TOTAL","Emissions totales exluant l'UTCF","2019","2019","T_CO2_EQVT","Tonnes d'équivalent CO2","3","Milliers",,,332114.021,,
"KAZ","Kazakhstan","GHG","Gazs à effet de serre","TOTAL","Emissions totales exluant l'UTCF","2010","2010","T_CO2_EQVT","Tonnes d'équivalent CO2","3","Milliers",,,303286.401,,
"KAZ","Kazakhstan","GHG","Gazs à effet de serre","TOTAL","Emissions totales exluant l'UTCF","2011","2011","T_CO2_EQVT","Tonnes d'équivalent CO2","3","Milliers",,,293268.929,,
"KAZ","Kazakhstan","GHG","Gazs à effet de serre","TOTAL","Emissions totales exluant l'UTCF","2012","2012","T_CO2_EQVT","Tonnes d'équivalent CO2","3","Milliers",,,296890.242,,
"KAZ","Kazakhstan","GHG","Gazs à effet de serre","TOTAL","Emissions totales exluant l'UTCF","2013","2013","T_CO2_EQVT","Tonnes d'équivalent CO2","3","Milliers",,,304663.387,,
"KAZ","Kazakhstan","GHG","Gazs à effet de serre","TOTAL","Emissions totales exluant l'UTCF","2014","2014","T_CO2_EQVT","Tonnes d'équivalent CO2","3","Milliers",,,331205.224,,
"KAZ","Kazakhstan","GHG","Gazs à effet de serre","TOTAL","Emissions totales exluant l'UTCF","2015","2015","T_CO2_EQVT","Tonnes d'équivalent CO2","3","Milliers",,,341342.706,,
"KAZ","Kazakhstan","GHG","Gazs à effet de serre","TOTAL","Emissions totales exluant l'UTCF","2016","2016","T_CO2_EQVT","Tonnes d'équivalent CO2","3","Milliers",,,342616.691,,
"KAZ","Kazakhstan","GHG","Gazs à effet de serre","TOTAL","Emissions totales exluant l'UTCF","2017","2017","T_CO2_EQVT","Tonnes d'équivalent CO2","3","Milliers",,,364180.034,,
"KAZ","Kazakhstan","GHG","Gazs à effet de serre","TOTAL","Emissions totales exluant l'UTCF","2018","2018","T_CO2_EQVT","Tonnes d'équivalent CO2","3","Milliers",,,375581.983,,
"KAZ","Kazakhstan","GHG","Gazs à effet de serre","TOTAL","Emissions totales exluant l'UTCF","2019","2019","T_CO2_EQVT","Tonnes d'équivalent CO2","3","Milliers",,,354869.623,,
"SAU","Arabie saoudite","GHG","Gazs à effet de serre","TOTAL","Emissions totales exluant l'UTCF","2010","2010","T_CO2_EQVT","Tonnes d'équivalent CO2","3","Milliers",,,525332.15,,
"SAU","Arabie saoudite","GHG","Gazs à effet de serre","TOTAL","Emissions totales exluant l'UTCF","2012","2012","T_CO2_EQVT","Tonnes d'équivalent CO2","3","Milliers",,,548262.55,,
"PER","Pérou","GHG","Gazs à effet de serre","TOTAL","Emissions totales exluant l'UTCF","2010","2010","T_CO2_EQVT","Tonnes d'équivalent CO2","3","Milliers",,,80591.02,,
"PER","Pérou","GHG","Gazs à effet de serre","TOTAL","Emissions totales exluant l'UTCF","2012","2012","T_CO2_EQVT","Tonnes d'équivalent CO2","3","Milliers",,,84564,,
"BLR","Bélarus","GHG","Gazs à effet de serre","TOTAL","Emissions totales exluant l'UTCF","2010","2010","T_CO2_EQVT","Tonnes d'équivalent CO2","3","Milliers",,,90694.797,,
"BLR","Bélarus","GHG","Gazs à effet de serre","TOTAL","Emissions totales exluant l'UTCF","2011","2011","T_CO2_EQVT","Tonnes d'équivalent CO2","3","Milliers",,,90342.296,,
"BLR","Bélarus","GHG","Gazs à effet de serre","TOTAL","Emissions totales exluant l'UTCF","2012","2012","T_CO2_EQVT","Tonnes d'équivalent CO2","3","Milliers",,,91370.706,,
"BLR","Bélarus","GHG","Gazs à effet de serre","TOTAL","Emissions totales exluant l'UTCF","2013","2013","T_CO2_EQVT","Tonnes d'équivalent CO2","3","Milliers",,,92264.228,,
"BLR","Bélarus","GHG","Gazs à effet de serre","TOTAL","Emissions totales exluant l'UTCF","2014","2014","T_CO2_EQVT","Tonnes d'équivalent CO2","3","Milliers",,,91040.702,,
"BLR","Bélarus","GHG","Gazs à effet de serre","TOTAL","Emissions totales exluant l'UTCF","2015","2015","T_CO2_EQVT","Tonnes d'équivalent CO2","3","Milliers",,,85975.454,,
"BLR","Bélarus","GHG","Gazs à effet de serre","TOTAL","Emissions totales exluant l'UTCF","2016","2016","T_CO2_EQVT","Tonnes d'équivalent CO2","3","Milliers",,,87745.021,,
"BLR","Bélarus","GHG","Gazs à effet de serre","TOTAL","Emissions totales exluant l'UTCF","2017","2017","T_CO2_EQVT","Tonnes d'équivalent CO2","3","Milliers",,,88542.204,,
"BLR","Bélarus","GHG","Gazs à effet de serre","TOTAL","Emissions totales exluant l'UTCF","2018","2018","T_CO2_EQVT","Tonnes d'équivalent CO2","3","Milliers",,,89064.611,,
"BLR","Bélarus","GHG","Gazs à effet de serre","TOTAL","Emissions totales exluant l'UTCF","2019","2019","T_CO2_EQVT","Tonnes d'équivalent CO2","3","Milliers",,,90115.696,,
"CYP","Chypre","GHG","Gazs à effet de serre","TOTAL","Emissions totales exluant l'UTCF","2010","2010","T_CO2_EQVT","Tonnes d'équivalent CO2","3","Milliers",,,9444.391,,
"CYP","Chypre","GHG","Gazs à effet de serre","TOTAL","Emissions totales exluant l'UTCF","2011","2011","T_CO2_EQVT","Tonnes d'équivalent CO2","3","Milliers",,,9150.405,,
"CYP","Chypre","GHG","Gazs à effet de serre","TOTAL","Emissions totales exluant l'UTCF","2012","2012","T_CO2_EQVT","Tonnes d'équivalent CO2","3","Milliers",,,8617.649,,
"CYP","Chypre","GHG","Gazs à effet de serre","TOTAL","Emissions totales exluant l'UTCF","2013","2013","T_CO2_EQVT","Tonnes d'équivalent CO2","3","Milliers",,,7918.777,,
"CYP","Chypre","GHG","Gazs à effet de serre","TOTAL","Emissions totales exluant l'UTCF","2014","2014","T_CO2_EQVT","Tonnes d'équivalent CO2","3","Milliers",,,8294.175,,
"CYP","Chypre","GHG","Gazs à effet de serre","TOTAL","Emissions totales exluant l'UTCF","2015","2015","T_CO2_EQVT","Tonnes d'équivalent CO2","3","Milliers",,,8336.766,,
"CYP","Chypre","GHG","Gazs à effet de serre","TOTAL","Emissions totales exluant l'UTCF","2016","2016","T_CO2_EQVT","Tonnes d'équivalent CO2","3","Milliers",,,8783.934,,
"CYP","Chypre","GHG","Gazs à effet de serre","TOTAL","Emissions totales exluant l'UTCF","2017","2017","T_CO2_EQVT","Tonnes d'équivalent CO2","3","Milliers",,,8969.69,,
"CYP","Chypre","GHG","Gazs à effet de serre","TOTAL","Emissions totales exluant l'UTCF","2018","2018","T_CO2_EQVT","Tonnes d'équivalent CO2","3","Milliers",,,8811.43,,
"CYP","Chypre","GHG","Gazs à effet de serre","TOTAL","Emissions totales exluant l'UTCF","2019","2019","T_CO2_EQVT","Tonnes d'équivalent CO2","3","Milliers",,,8841.527,,
"LIE","Liechtenstein","GHG","Gazs à effet de serre","TOTAL","Emissions totales exluant l'UTCF","2010","2010","T_CO2_EQVT","Tonnes d'équivalent CO2","3","Milliers",,,228.155,,
"LIE","Liechtenstein","GHG","Gazs à effet de serre","TOTAL","Emissions totales exluant l'UTCF","2011","2011","T_CO2_EQVT","Tonnes d'équivalent CO2","3","Milliers",,,215.325,,
"LIE","Liechtenstein","GHG","Gazs à effet de serre","TOTAL","Emissions totales exluant l'UTCF","2012","2012","T_CO2_EQVT","Tonnes d'équivalent CO2","3","Milliers",,,224.501,,
"LIE","Liechtenstein","GHG","Gazs à effet de serre","TOTAL","Emissions totales exluant l'UTCF","2013","2013","T_CO2_EQVT","Tonnes d'équivalent CO2","3","Milliers",,,230.724,,
"LIE","Liechtenstein","GHG","Gazs à effet de serre","TOTAL","Emissions totales exluant l'UTCF","2014","2014","T_CO2_EQVT","Tonnes d'équivalent CO2","3","Milliers",,,199.697,,
"LIE","Liechtenstein","GHG","Gazs à effet de serre","TOTAL","Emissions totales exluant l'UTCF","2015","2015","T_CO2_EQVT","Tonnes d'équivalent CO2","3","Milliers",,,198.045,,
"LIE","Liechtenstein","GHG","Gazs à effet de serre","TOTAL","Emissions totales exluant l'UTCF","2016","2016","T_CO2_EQVT","Tonnes d'équivalent CO2","3","Milliers",,,187.524,,
"LIE","Liechtenstein","GHG","Gazs à effet de serre","TOTAL","Emissions totales exluant l'UTCF","2017","2017","T_CO2_EQVT","Tonnes d'équivalent CO2","3","Milliers",,,193.032,,
"LIE","Liechtenstein","GHG","Gazs à effet de serre","TOTAL","Emissions totales exluant l'UTCF","2018","2018","T_CO2_EQVT","Tonnes d'équivalent CO2","3","Milliers",,,180.693,,
"LIE","Liechtenstein","GHG","Gazs à effet de serre","TOTAL","Emissions totales exluant l'UTCF","2019","2019","T_CO2_EQVT","Tonnes d'équivalent CO2","3","Milliers",,,187.109,,
"MCO","Monaco","GHG","Gazs à effet de serre","TOTAL","Emissions totales exluant l'UTCF","2010","2010","T_CO2_EQVT","Tonnes d'équivalent CO2","3","Milliers",,,87.917,,
"MCO","Monaco","GHG","Gazs à effet de serre","TOTAL","Emissions totales exluant l'UTCF","2011","2011","T_CO2_EQVT","Tonnes d'équivalent CO2","3","Milliers",,,85.516,,
"MCO","Monaco","GHG","Gazs à effet de serre","TOTAL","Emissions totales exluant l'UTCF","2012","2012","T_CO2_EQVT","Tonnes d'équivalent CO2","3","Milliers",,,87.532,,
"MCO","Monaco","GHG","Gazs à effet de serre","TOTAL","Emissions totales exluant l'UTCF","2013","2013","T_CO2_EQVT","Tonnes d'équivalent CO2","3","Milliers",,,90.528,,
"MCO","Monaco","GHG","Gazs à effet de serre","TOTAL","Emissions totales exluant l'UTCF","2014","2014","T_CO2_EQVT","Tonnes d'équivalent CO2","3","Milliers",,,84.889,,
"MCO","Monaco","GHG","Gazs à effet de serre","TOTAL","Emissions totales exluant l'UTCF","2015","2015","T_CO2_EQVT","Tonnes d'équivalent CO2","3","Milliers",,,87.698,,
"MCO","Monaco","GHG","Gazs à effet de serre","TOTAL","Emissions totales exluant l'UTCF","2016","2016","T_CO2_EQVT","Tonnes d'équivalent CO2","3","Milliers",,,86.707,,
"MCO","Monaco","GHG","Gazs à effet de serre","TOTAL","Emissions totales exluant l'UTCF","2017","2017","T_CO2_EQVT","Tonnes d'équivalent CO2","3","Milliers",,,85.764,,
"MCO","Monaco","GHG","Gazs à effet de serre","TOTAL","Emissions totales exluant l'UTCF","2018","2018","T_CO2_EQVT","Tonnes d'équivalent CO2","3","Milliers",,,87.133,,
"MCO","Monaco","GHG","Gazs à effet de serre","TOTAL","Emissions totales exluant l'UTCF","2019","2019","T_CO2_EQVT","Tonnes d'équivalent CO2","3","Milliers",,,82.539,,
"ROU","Roumanie","GHG","Gazs à effet de serre","TOTAL","Emissions totales exluant l'UTCF","2010","2010","T_CO2_EQVT","Tonnes d'équivalent CO2","3","Milliers",,,116143.753,,
"ROU","Roumanie","GHG","Gazs à effet de serre","TOTAL","Emissions totales exluant l'UTCF","2011","2011","T_CO2_EQVT","Tonnes d'équivalent CO2","3","Milliers",,,123862.204,,
"ROU","Roumanie","GHG","Gazs à effet de serre","TOTAL","Emissions totales exluant l'UTCF","2012","2012","T_CO2_EQVT","Tonnes d'équivalent CO2","3","Milliers",,,121086.328,,
"ROU","Roumanie","GHG","Gazs à effet de serre","TOTAL","Emissions totales exluant l'UTCF","2013","2013","T_CO2_EQVT","Tonnes d'équivalent CO2","3","Milliers",,,111881.718,,
"ROU","Roumanie","GHG","Gazs à effet de serre","TOTAL","Emissions totales exluant l'UTCF","2014","2014","T_CO2_EQVT","Tonnes d'équivalent CO2","3","Milliers",,,112485.912,,
"ROU","Roumanie","GHG","Gazs à effet de serre","TOTAL","Emissions totales exluant l'UTCF","2015","2015","T_CO2_EQVT","Tonnes d'équivalent CO2","3","Milliers",,,113193.867,,
"ROU","Roumanie","GHG","Gazs à effet de serre","TOTAL","Emissions totales exluant l'UTCF","2016","2016","T_CO2_EQVT","Tonnes d'équivalent CO2","3","Milliers",,,110762.205,,
"ROU","Roumanie","GHG","Gazs à effet de serre","TOTAL","Emissions totales exluant l'UTCF","2017","2017","T_CO2_EQVT","Tonnes d'équivalent CO2","3","Milliers",,,114245.644,,
"ROU","Roumanie","GHG","Gazs à effet de serre","TOTAL","Emissions totales exluant l'UTCF","2018","2018","T_CO2_EQVT","Tonnes d'équivalent CO2","3","Milliers",,,115090.959,,
"ROU","Roumanie","GHG","Gazs à effet de serre","TOTAL","Emissions totales exluant l'UTCF","2019","2019","T_CO2_EQVT","Tonnes d'équivalent CO2","3","Milliers",,,111767.056,,
"MLT","Malte","GHG","Gazs à effet de serre","TOTAL","Emissions totales exluant l'UTCF","2010","2010","T_CO2_EQVT","Tonnes d'équivalent CO2","3","Milliers",,,2968.459,,
"MLT","Malte","GHG","Gazs à effet de serre","TOTAL","Emissions totales exluant l'UTCF","2011","2011","T_CO2_EQVT","Tonnes d'équivalent CO2","3","Milliers",,,2972.039,,
"MLT","Malte","GHG","Gazs à effet de serre","TOTAL","Emissions totales exluant l'UTCF","2012","2012","T_CO2_EQVT","Tonnes d'équivalent CO2","3","Milliers",,,3181.483,,
"MLT","Malte","GHG","Gazs à effet de serre","TOTAL","Emissions totales exluant l'UTCF","2013","2013","T_CO2_EQVT","Tonnes d'équivalent CO2","3","Milliers",,,2871.599,,
"MLT","Malte","GHG","Gazs à effet de serre","TOTAL","Emissions totales exluant l'UTCF","2014","2014","T_CO2_EQVT","Tonnes d'équivalent CO2","3","Milliers",,,2905.186,,
"MLT","Malte","GHG","Gazs à effet de serre","TOTAL","Emissions totales exluant l'UTCF","2015","2015","T_CO2_EQVT","Tonnes d'équivalent CO2","3","Milliers",,,2220.081,,
"MLT","Malte","GHG","Gazs à effet de serre","TOTAL","Emissions totales exluant l'UTCF","2016","2016","T_CO2_EQVT","Tonnes d'équivalent CO2","3","Milliers",,,1902.48,,
"MLT","Malte","GHG","Gazs à effet de serre","TOTAL","Emissions totales exluant l'UTCF","2017","2017","T_CO2_EQVT","Tonnes d'équivalent CO2","3","Milliers",,,2060.88,,
"MLT","Malte","GHG","Gazs à effet de serre","TOTAL","Emissions totales exluant l'UTCF","2018","2018","T_CO2_EQVT","Tonnes d'équivalent CO2","3","Milliers",,,2041.169,,
"MLT","Malte","GHG","Gazs à effet de serre","TOTAL","Emissions totales exluant l'UTCF","2019","2019","T_CO2_EQVT","Tonnes d'équivalent CO2","3","Milliers",,,2174.718,,
"HRV","Croatie","GHG","Gazs à effet de serre","TOTAL","Emissions totales exluant l'UTCF","2010","2010","T_CO2_EQVT","Tonnes d'équivalent CO2","3","Milliers",,,27752.965,,
"HRV","Croatie","GHG","Gazs à effet de serre","TOTAL","Emissions totales exluant l'UTCF","2011","2011","T_CO2_EQVT","Tonnes d'équivalent CO2","3","Milliers",,,27429.598,,
"HRV","Croatie","GHG","Gazs à effet de serre","TOTAL","Emissions totales exluant l'UTCF","2012","2012","T_CO2_EQVT","Tonnes d'équivalent CO2","3","Milliers",,,25612.636,,
"HRV","Croatie","GHG","Gazs à effet de serre","TOTAL","Emissions totales exluant l'UTCF","2013","2013","T_CO2_EQVT","Tonnes d'équivalent CO2","3","Milliers",,,24330.597,,
"HRV","Croatie","GHG","Gazs à effet de serre","TOTAL","Emissions totales exluant l'UTCF","2014","2014","T_CO2_EQVT","Tonnes d'équivalent CO2","3","Milliers",,,23475.539,,
"HRV","Croatie","GHG","Gazs à effet de serre","TOTAL","Emissions totales exluant l'UTCF","2015","2015","T_CO2_EQVT","Tonnes d'équivalent CO2","3","Milliers",,,23911.92,,
"HRV","Croatie","GHG","Gazs à effet de serre","TOTAL","Emissions totales exluant l'UTCF","2016","2016","T_CO2_EQVT","Tonnes d'équivalent CO2","3","Milliers",,,23999.918,,
"HRV","Croatie","GHG","Gazs à effet de serre","TOTAL","Emissions totales exluant l'UTCF","2017","2017","T_CO2_EQVT","Tonnes d'équivalent CO2","3","Milliers",,,24737.559,,
"HRV","Croatie","GHG","Gazs à effet de serre","TOTAL","Emissions totales exluant l'UTCF","2018","2018","T_CO2_EQVT","Tonnes d'équivalent CO2","3","Milliers",,,23536.283,,
"HRV","Croatie","GHG","Gazs à effet de serre","TOTAL","Emissions totales exluant l'UTCF","2019","2019","T_CO2_EQVT","Tonnes d'équivalent CO2","3","Milliers",,,23605.021,,
