"COU","Pays","VAR","Variable","RISK","Risque","SEX","Sexe","AGE","Âge","YEA","Année","Unit Code","Unit","PowerCode Code","PowerCode","Reference Period Code","Reference Period","Value","Flag Codes","Flags"
"AUS","Australie","MOR_CAP","Décès prématurés, par million d'habitants","HTEMP","Température élevée","BOTH","Deux sexes","ALL","Toutes","2019","2019","1000000HAB","Pour 1 000 000 habitants","0","Unités",,,57.871,,
"AUS","Australie","SC_GDP","Coûts en bien-être des décès prématurés, % équivalent PIB","HTEMP","Température élevée","BOTH","Deux sexes","ALL","Toutes","2019","2019","PC","Pourcentage","0","Unités",,,0.5476435,,
"AFG","Afghanistan","MOR_CAP","Décès prématurés, par million d'habitants","HTEMP","Température élevée","BOTH","Deux sexes","ALL","Toutes","2019","2019","1000000HAB","Pour 1 000 000 habitants","0","Unités",,,27.718,,
"AFG","Afghanistan","SC_GDP","Coûts en bien-être des décès prématurés, % équivalent PIB","HTEMP","Température élevée","BOTH","Deux sexes","ALL","Toutes","2019","2019","PC","Pourcentage","0","Unités",,,0.2785425,,
"ALB","Albanie","MOR_CAP","Décès prématurés, par million d'habitants","HTEMP","Température élevée","BOTH","Deux sexes","ALL","Toutes","2019","2019","1000000HAB","Pour 1 000 000 habitants","0","Unités",,,0.355,,
"ALB","Albanie","SC_GDP","Coûts en bien-être des décès prématurés, % équivalent PIB","HTEMP","Température élevée","BOTH","Deux sexes","ALL","Toutes","2019","2019","PC","Pourcentage","0","Unités",,,0.003980224,,
"DZA","Algérie","MOR_CAP","Décès prématurés, par million d'habitants","HTEMP","Température élevée","BOTH","Deux sexes","ALL","Toutes","2019","2019","1000000HAB","Pour 1 000 000 habitants","0","Unités",,,76.747,,
"DZA","Algérie","SC_GDP","Coûts en bien-être des décès prématurés, % équivalent PIB","HTEMP","Température élevée","BOTH","Deux sexes","ALL","Toutes","2019","2019","PC","Pourcentage","0","Unités",,,0.8410424,,
"AND","Andorre","MOR_CAP","Décès prématurés, par million d'habitants","HTEMP","Température élevée","BOTH","Deux sexes","ALL","Toutes","2019","2019","1000000HAB","Pour 1 000 000 habitants","0","Unités",,,0.012,,
"AGO","Angola","MOR_CAP","Décès prématurés, par million d'habitants","HTEMP","Température élevée","BOTH","Deux sexes","ALL","Toutes","2019","2019","1000000HAB","Pour 1 000 000 habitants","0","Unités",,,10.956,,
"AGO","Angola","SC_GDP","Coûts en bien-être des décès prématurés, % équivalent PIB","HTEMP","Température élevée","BOTH","Deux sexes","ALL","Toutes","2019","2019","PC","Pourcentage","0","Unités",,,0.1314013,,
"ATG","Antigua-et-Barbuda","MOR_CAP","Décès prématurés, par million d'habitants","HTEMP","Température élevée","BOTH","Deux sexes","ALL","Toutes","2019","2019","1000000HAB","Pour 1 000 000 habitants","0","Unités",,,10.388,,
"ATG","Antigua-et-Barbuda","SC_GDP","Coûts en bien-être des décès prématurés, % équivalent PIB","HTEMP","Température élevée","BOTH","Deux sexes","ALL","Toutes","2019","2019","PC","Pourcentage","0","Unités",,,0.1103755,,
"ARM","Arménie","MOR_CAP","Décès prématurés, par million d'habitants","HTEMP","Température élevée","BOTH","Deux sexes","ALL","Toutes","2019","2019","1000000HAB","Pour 1 000 000 habitants","0","Unités",,,1.948,,
"ARM","Arménie","SC_GDP","Coûts en bien-être des décès prématurés, % équivalent PIB","HTEMP","Température élevée","BOTH","Deux sexes","ALL","Toutes","2019","2019","PC","Pourcentage","0","Unités",,,0.02182143,,
"AZE","Azerbaïdjan","MOR_CAP","Décès prématurés, par million d'habitants","HTEMP","Température élevée","BOTH","Deux sexes","ALL","Toutes","2019","2019","1000000HAB","Pour 1 000 000 habitants","0","Unités",,,12.084,,
"AZE","Azerbaïdjan","SC_GDP","Coûts en bien-être des décès prématurés, % équivalent PIB","HTEMP","Température élevée","BOTH","Deux sexes","ALL","Toutes","2019","2019","PC","Pourcentage","0","Unités",,,0.1312371,,
"BHS","Bahamas","MOR_CAP","Décès prématurés, par million d'habitants","HTEMP","Température élevée","BOTH","Deux sexes","ALL","Toutes","2019","2019","1000000HAB","Pour 1 000 000 habitants","0","Unités",,,20.314,,
"BHS","Bahamas","SC_GDP","Coûts en bien-être des décès prématurés, % équivalent PIB","HTEMP","Température élevée","BOTH","Deux sexes","ALL","Toutes","2019","2019","PC","Pourcentage","0","Unités",,,0.208307,,
"ASM","Samoa américaines","MOR_CAP","Décès prématurés, par million d'habitants","HTEMP","Température élevée","BOTH","Deux sexes","ALL","Toutes","2019","2019","1000000HAB","Pour 1 000 000 habitants","0","Unités",,,65.552,,
"ARG","Argentine","MOR_CAP","Décès prématurés, par million d'habitants","HTEMP","Température élevée","BOTH","Deux sexes","ALL","Toutes","2019","2019","1000000HAB","Pour 1 000 000 habitants","0","Unités",,,11.906,,
"ARG","Argentine","SC_GDP","Coûts en bien-être des décès prématurés, % équivalent PIB","HTEMP","Température élevée","BOTH","Deux sexes","ALL","Toutes","2019","2019","PC","Pourcentage","0","Unités",,,0.1278217,,
"BHR","Bahreïn","MOR_CAP","Décès prématurés, par million d'habitants","HTEMP","Température élevée","BOTH","Deux sexes","ALL","Toutes","2019","2019","1000000HAB","Pour 1 000 000 habitants","0","Unités",,,68.733,,
"BHR","Bahreïn","SC_GDP","Coûts en bien-être des décès prématurés, % équivalent PIB","HTEMP","Température élevée","BOTH","Deux sexes","ALL","Toutes","2019","2019","PC","Pourcentage","0","Unités",,,0.6400691,,
"BGD","Bangladesh","MOR_CAP","Décès prématurés, par million d'habitants","HTEMP","Température élevée","BOTH","Deux sexes","ALL","Toutes","2019","2019","1000000HAB","Pour 1 000 000 habitants","0","Unités",,,54.884,,
"BGD","Bangladesh","SC_GDP","Coûts en bien-être des décès prématurés, % équivalent PIB","HTEMP","Température élevée","BOTH","Deux sexes","ALL","Toutes","2019","2019","PC","Pourcentage","0","Unités",,,0.6804627,,
"BLR","Bélarus","MOR_CAP","Décès prématurés, par million d'habitants","HTEMP","Température élevée","BOTH","Deux sexes","ALL","Toutes","2019","2019","1000000HAB","Pour 1 000 000 habitants","0","Unités",,,1.008,,
"BLR","Bélarus","SC_GDP","Coûts en bien-être des décès prématurés, % équivalent PIB","HTEMP","Température élevée","BOTH","Deux sexes","ALL","Toutes","2019","2019","PC","Pourcentage","0","Unités",,,0.01081927,,
"BLZ","Belize","MOR_CAP","Décès prématurés, par million d'habitants","HTEMP","Température élevée","BOTH","Deux sexes","ALL","Toutes","2019","2019","1000000HAB","Pour 1 000 000 habitants","0","Unités",,,32.54,,
"BLZ","Belize","SC_GDP","Coûts en bien-être des décès prématurés, % équivalent PIB","HTEMP","Température élevée","BOTH","Deux sexes","ALL","Toutes","2019","2019","PC","Pourcentage","0","Unités",,,0.3798568,,
"BMU","Bermudes","MOR_CAP","Décès prématurés, par million d'habitants","HTEMP","Température élevée","BOTH","Deux sexes","ALL","Toutes","2019","2019","1000000HAB","Pour 1 000 000 habitants","0","Unités",,,4.198,,
"BTN","Bhoutan","MOR_CAP","Décès prématurés, par million d'habitants","HTEMP","Température élevée","BOTH","Deux sexes","ALL","Toutes","2019","2019","1000000HAB","Pour 1 000 000 habitants","0","Unités",,,0.074,,
"BTN","Bhoutan","SC_GDP","Coûts en bien-être des décès prématurés, % équivalent PIB","HTEMP","Température élevée","BOTH","Deux sexes","ALL","Toutes","2019","2019","PC","Pourcentage","0","Unités",,,0.0008372838,,
"AUT","Autriche","MOR_CAP","Décès prématurés, par million d'habitants","HTEMP","Température élevée","BOTH","Deux sexes","ALL","Toutes","2019","2019","1000000HAB","Pour 1 000 000 habitants","0","Unités",,,0.446,,
"AUT","Autriche","SC_GDP","Coûts en bien-être des décès prématurés, % équivalent PIB","HTEMP","Température élevée","BOTH","Deux sexes","ALL","Toutes","2019","2019","PC","Pourcentage","0","Unités",,,0.0042391,,
"BEL","Belgique","MOR_CAP","Décès prématurés, par million d'habitants","HTEMP","Température élevée","BOTH","Deux sexes","ALL","Toutes","2019","2019","1000000HAB","Pour 1 000 000 habitants","0","Unités",,,0.303,,
"BEL","Belgique","SC_GDP","Coûts en bien-être des décès prématurés, % équivalent PIB","HTEMP","Température élevée","BOTH","Deux sexes","ALL","Toutes","2019","2019","PC","Pourcentage","0","Unités",,,0.002916601,,
"BRB","Barbade","MOR_CAP","Décès prématurés, par million d'habitants","HTEMP","Température élevée","BOTH","Deux sexes","ALL","Toutes","2019","2019","1000000HAB","Pour 1 000 000 habitants","0","Unités",,,42.508,,
"BRB","Barbade","SC_GDP","Coûts en bien-être des décès prématurés, % équivalent PIB","HTEMP","Température élevée","BOTH","Deux sexes","ALL","Toutes","2019","2019","PC","Pourcentage","0","Unités",,,0.4921932,,
"BOL","Bolivie","MOR_CAP","Décès prématurés, par million d'habitants","HTEMP","Température élevée","BOTH","Deux sexes","ALL","Toutes","2019","2019","1000000HAB","Pour 1 000 000 habitants","0","Unités",,,18.811,,
"BOL","Bolivie","SC_GDP","Coûts en bien-être des décès prématurés, % équivalent PIB","HTEMP","Température élevée","BOTH","Deux sexes","ALL","Toutes","2019","2019","PC","Pourcentage","0","Unités",,,0.221277,,
"BIH","Bosnie-Herzégovine","MOR_CAP","Décès prématurés, par million d'habitants","HTEMP","Température élevée","BOTH","Deux sexes","ALL","Toutes","2019","2019","1000000HAB","Pour 1 000 000 habitants","0","Unités",,,0.228,,
"BIH","Bosnie-Herzégovine","SC_GDP","Coûts en bien-être des décès prématurés, % équivalent PIB","HTEMP","Température élevée","BOTH","Deux sexes","ALL","Toutes","2019","2019","PC","Pourcentage","0","Unités",,,0.002563277,,
"BRA","Brésil","MOR_CAP","Décès prématurés, par million d'habitants","HTEMP","Température élevée","BOTH","Deux sexes","ALL","Toutes","2019","2019","1000000HAB","Pour 1 000 000 habitants","0","Unités",,,30.199,,
"BRA","Brésil","SC_GDP","Coûts en bien-être des décès prématurés, % équivalent PIB","HTEMP","Température élevée","BOTH","Deux sexes","ALL","Toutes","2019","2019","PC","Pourcentage","0","Unités",,,0.3302502,,
"BRN","Brunéi Darussalam","MOR_CAP","Décès prématurés, par million d'habitants","HTEMP","Température élevée","BOTH","Deux sexes","ALL","Toutes","2019","2019","1000000HAB","Pour 1 000 000 habitants","0","Unités",,,26.525,,
"BRN","Brunéi Darussalam","SC_GDP","Coûts en bien-être des décès prématurés, % équivalent PIB","HTEMP","Température élevée","BOTH","Deux sexes","ALL","Toutes","2019","2019","PC","Pourcentage","0","Unités",,,0.2267167,,
"BGR","Bulgarie","MOR_CAP","Décès prématurés, par million d'habitants","HTEMP","Température élevée","BOTH","Deux sexes","ALL","Toutes","2019","2019","1000000HAB","Pour 1 000 000 habitants","0","Unités",,,0.869,,
"BGR","Bulgarie","SC_GDP","Coûts en bien-être des décès prématurés, % équivalent PIB","HTEMP","Température élevée","BOTH","Deux sexes","ALL","Toutes","2019","2019","PC","Pourcentage","0","Unités",,,0.009264397,,
"BEN","Bénin","MOR_CAP","Décès prématurés, par million d'habitants","HTEMP","Température élevée","BOTH","Deux sexes","ALL","Toutes","2019","2019","1000000HAB","Pour 1 000 000 habitants","0","Unités",,,81.501,,
"BEN","Bénin","SC_GDP","Coûts en bien-être des décès prématurés, % équivalent PIB","HTEMP","Température élevée","BOTH","Deux sexes","ALL","Toutes","2019","2019","PC","Pourcentage","0","Unités",,,1.046395,,
"BWA","Botswana","MOR_CAP","Décès prématurés, par million d'habitants","HTEMP","Température élevée","BOTH","Deux sexes","ALL","Toutes","2019","2019","1000000HAB","Pour 1 000 000 habitants","0","Unités",,,46.058,,
"BWA","Botswana","SC_GDP","Coûts en bien-être des décès prématurés, % équivalent PIB","HTEMP","Température élevée","BOTH","Deux sexes","ALL","Toutes","2019","2019","PC","Pourcentage","0","Unités",,,0.4954883,,
"BFA","Burkina Faso","MOR_CAP","Décès prématurés, par million d'habitants","HTEMP","Température élevée","BOTH","Deux sexes","ALL","Toutes","2019","2019","1000000HAB","Pour 1 000 000 habitants","0","Unités",,,165.721,,
"BFA","Burkina Faso","SC_GDP","Coûts en bien-être des décès prématurés, % équivalent PIB","HTEMP","Température élevée","BOTH","Deux sexes","ALL","Toutes","2019","2019","PC","Pourcentage","0","Unités",,,1.667974,,
"BDI","Burundi","MOR_CAP","Décès prématurés, par million d'habitants","HTEMP","Température élevée","BOTH","Deux sexes","ALL","Toutes","2019","2019","1000000HAB","Pour 1 000 000 habitants","0","Unités",,,0.817,,
"BDI","Burundi","SC_GDP","Coûts en bien-être des décès prématurés, % équivalent PIB","HTEMP","Température élevée","BOTH","Deux sexes","ALL","Toutes","2019","2019","PC","Pourcentage","0","Unités",,,0.00822525,,
"CMR","Cameroun","MOR_CAP","Décès prématurés, par million d'habitants","HTEMP","Température élevée","BOTH","Deux sexes","ALL","Toutes","2019","2019","1000000HAB","Pour 1 000 000 habitants","0","Unités",,,41.078,,
"CMR","Cameroun","SC_GDP","Coûts en bien-être des décès prématurés, % équivalent PIB","HTEMP","Température élevée","BOTH","Deux sexes","ALL","Toutes","2019","2019","PC","Pourcentage","0","Unités",,,0.5220223,,
"CPV","Cabo Verde","MOR_CAP","Décès prématurés, par million d'habitants","HTEMP","Température élevée","BOTH","Deux sexes","ALL","Toutes","2019","2019","1000000HAB","Pour 1 000 000 habitants","0","Unités",,,2.355,,
"CPV","Cabo Verde","SC_GDP","Coûts en bien-être des décès prématurés, % équivalent PIB","HTEMP","Température élevée","BOTH","Deux sexes","ALL","Toutes","2019","2019","PC","Pourcentage","0","Unités",,,0.02799247,,
"CAF","République centrafricaine","MOR_CAP","Décès prématurés, par million d'habitants","HTEMP","Température élevée","BOTH","Deux sexes","ALL","Toutes","2019","2019","1000000HAB","Pour 1 000 000 habitants","0","Unités",,,110.89,,
"CAF","République centrafricaine","SC_GDP","Coûts en bien-être des décès prématurés, % équivalent PIB","HTEMP","Température élevée","BOTH","Deux sexes","ALL","Toutes","2019","2019","PC","Pourcentage","0","Unités",,,1.118879,,
"TCD","Tchad","MOR_CAP","Décès prématurés, par million d'habitants","HTEMP","Température élevée","BOTH","Deux sexes","ALL","Toutes","2019","2019","1000000HAB","Pour 1 000 000 habitants","0","Unités",,,165.317,,
"TCD","Tchad","SC_GDP","Coûts en bien-être des décès prématurés, % équivalent PIB","HTEMP","Température élevée","BOTH","Deux sexes","ALL","Toutes","2019","2019","PC","Pourcentage","0","Unités",,,1.663672,,
"CAN","Canada","MOR_CAP","Décès prématurés, par million d'habitants","HTEMP","Température élevée","BOTH","Deux sexes","ALL","Toutes","2019","2019","1000000HAB","Pour 1 000 000 habitants","0","Unités",,,0.287,,
"CAN","Canada","SC_GDP","Coûts en bien-être des décès prématurés, % équivalent PIB","HTEMP","Température élevée","BOTH","Deux sexes","ALL","Toutes","2019","2019","PC","Pourcentage","0","Unités",,,0.002724436,,
"KHM","Cambodge","MOR_CAP","Décès prématurés, par million d'habitants","HTEMP","Température élevée","BOTH","Deux sexes","ALL","Toutes","2019","2019","1000000HAB","Pour 1 000 000 habitants","0","Unités",,,125.876,,
"KHM","Cambodge","SC_GDP","Coûts en bien-être des décès prématurés, % équivalent PIB","HTEMP","Température élevée","BOTH","Deux sexes","ALL","Toutes","2019","2019","PC","Pourcentage","0","Unités",,,1.564316,,
"CHL","Chili","MOR_CAP","Décès prématurés, par million d'habitants","HTEMP","Température élevée","BOTH","Deux sexes","ALL","Toutes","2019","2019","1000000HAB","Pour 1 000 000 habitants","0","Unités",,,0.004,,
"CHL","Chili","SC_GDP","Coûts en bien-être des décès prématurés, % équivalent PIB","HTEMP","Température élevée","BOTH","Deux sexes","ALL","Toutes","2019","2019","PC","Pourcentage","0","Unités",,,0.00004688814,,
"CHN","Chine (République populaire de)","MOR_CAP","Décès prématurés, par million d'habitants","HTEMP","Température élevée","BOTH","Deux sexes","ALL","Toutes","2019","2019","1000000HAB","Pour 1 000 000 habitants","0","Unités",,,9.706,,
"CHN","Chine (République populaire de)","SC_GDP","Coûts en bien-être des décès prématurés, % équivalent PIB","HTEMP","Température élevée","BOTH","Deux sexes","ALL","Toutes","2019","2019","PC","Pourcentage","0","Unités",,,0.1046109,,
"COM","Comores","MOR_CAP","Décès prématurés, par million d'habitants","HTEMP","Température élevée","BOTH","Deux sexes","ALL","Toutes","2019","2019","1000000HAB","Pour 1 000 000 habitants","0","Unités",,,7.263,,
"COM","Comores","SC_GDP","Coûts en bien-être des décès prématurés, % équivalent PIB","HTEMP","Température élevée","BOTH","Deux sexes","ALL","Toutes","2019","2019","PC","Pourcentage","0","Unités",,,0.09482621,,
"COG","Congo","MOR_CAP","Décès prématurés, par million d'habitants","HTEMP","Température élevée","BOTH","Deux sexes","ALL","Toutes","2019","2019","1000000HAB","Pour 1 000 000 habitants","0","Unités",,,8.769,,
"COG","Congo","SC_GDP","Coûts en bien-être des décès prématurés, % équivalent PIB","HTEMP","Température élevée","BOTH","Deux sexes","ALL","Toutes","2019","2019","PC","Pourcentage","0","Unités",,,0.107559,,
"CIV","Côte d'Ivoire","MOR_CAP","Décès prématurés, par million d'habitants","HTEMP","Température élevée","BOTH","Deux sexes","ALL","Toutes","2019","2019","1000000HAB","Pour 1 000 000 habitants","0","Unités",,,31.625,,
"CIV","Côte d'Ivoire","SC_GDP","Coûts en bien-être des décès prématurés, % équivalent PIB","HTEMP","Température élevée","BOTH","Deux sexes","ALL","Toutes","2019","2019","PC","Pourcentage","0","Unités",,,0.396937,,
"PRK","République populaire démocratique de Corée","MOR_CAP","Décès prématurés, par million d'habitants","HTEMP","Température élevée","BOTH","Deux sexes","ALL","Toutes","2019","2019","1000000HAB","Pour 1 000 000 habitants","0","Unités",,,3.605,,
"CZE","République tchèque","MOR_CAP","Décès prématurés, par million d'habitants","HTEMP","Température élevée","BOTH","Deux sexes","ALL","Toutes","2019","2019","1000000HAB","Pour 1 000 000 habitants","0","Unités",,,1.163,,
"CZE","République tchèque","SC_GDP","Coûts en bien-être des décès prématurés, % équivalent PIB","HTEMP","Température élevée","BOTH","Deux sexes","ALL","Toutes","2019","2019","PC","Pourcentage","0","Unités",,,0.01171099,,
"DNK","Danemark","MOR_CAP","Décès prématurés, par million d'habitants","HTEMP","Température élevée","BOTH","Deux sexes","ALL","Toutes","2019","2019","1000000HAB","Pour 1 000 000 habitants","0","Unités",,,0.021,,
"DNK","Danemark","SC_GDP","Coûts en bien-être des décès prématurés, % équivalent PIB","HTEMP","Température élevée","BOTH","Deux sexes","ALL","Toutes","2019","2019","PC","Pourcentage","0","Unités",,,0.0002033665,,
"COL","Colombie","MOR_CAP","Décès prématurés, par million d'habitants","HTEMP","Température élevée","BOTH","Deux sexes","ALL","Toutes","2019","2019","1000000HAB","Pour 1 000 000 habitants","0","Unités",,,25.742,,
"COL","Colombie","SC_GDP","Coûts en bien-être des décès prématurés, % équivalent PIB","HTEMP","Température élevée","BOTH","Deux sexes","ALL","Toutes","2019","2019","PC","Pourcentage","0","Unités",,,0.2825727,,
"CRI","Costa Rica","MOR_CAP","Décès prématurés, par million d'habitants","HTEMP","Température élevée","BOTH","Deux sexes","ALL","Toutes","2019","2019","1000000HAB","Pour 1 000 000 habitants","0","Unités",,,4.446,,
"CRI","Costa Rica","SC_GDP","Coûts en bien-être des décès prématurés, % équivalent PIB","HTEMP","Température élevée","BOTH","Deux sexes","ALL","Toutes","2019","2019","PC","Pourcentage","0","Unités",,,0.04808487,,
"HRV","Croatie","MOR_CAP","Décès prématurés, par million d'habitants","HTEMP","Température élevée","BOTH","Deux sexes","ALL","Toutes","2019","2019","1000000HAB","Pour 1 000 000 habitants","0","Unités",,,1.615,,
"HRV","Croatie","SC_GDP","Coûts en bien-être des décès prématurés, % équivalent PIB","HTEMP","Température élevée","BOTH","Deux sexes","ALL","Toutes","2019","2019","PC","Pourcentage","0","Unités",,,0.01789512,,
"CUB","Cuba","MOR_CAP","Décès prématurés, par million d'habitants","HTEMP","Température élevée","BOTH","Deux sexes","ALL","Toutes","2019","2019","1000000HAB","Pour 1 000 000 habitants","0","Unités",,,28.338,,
"EGY","Égypte","MOR_CAP","Décès prématurés, par million d'habitants","HTEMP","Température élevée","BOTH","Deux sexes","ALL","Toutes","2019","2019","1000000HAB","Pour 1 000 000 habitants","0","Unités",,,54.785,,
"EGY","Égypte","SC_GDP","Coûts en bien-être des décès prématurés, % équivalent PIB","HTEMP","Température élevée","BOTH","Deux sexes","ALL","Toutes","2019","2019","PC","Pourcentage","0","Unités",,,0.6151128,,
"CYP","Chypre","MOR_CAP","Décès prématurés, par million d'habitants","HTEMP","Température élevée","BOTH","Deux sexes","ALL","Toutes","2019","2019","1000000HAB","Pour 1 000 000 habitants","0","Unités",,,12.655,,
"CYP","Chypre","SC_GDP","Coûts en bien-être des décès prématurés, % équivalent PIB","HTEMP","Température élevée","BOTH","Deux sexes","ALL","Toutes","2019","2019","PC","Pourcentage","0","Unités",,,0.1358514,,
"COD","République démocratique du Congo","MOR_CAP","Décès prématurés, par million d'habitants","HTEMP","Température élevée","BOTH","Deux sexes","ALL","Toutes","2019","2019","1000000HAB","Pour 1 000 000 habitants","0","Unités",,,14.714,,
"COD","République démocratique du Congo","SC_GDP","Coûts en bien-être des décès prématurés, % équivalent PIB","HTEMP","Température élevée","BOTH","Deux sexes","ALL","Toutes","2019","2019","PC","Pourcentage","0","Unités",,,0.1481135,,
"DJI","Djibouti","MOR_CAP","Décès prématurés, par million d'habitants","HTEMP","Température élevée","BOTH","Deux sexes","ALL","Toutes","2019","2019","1000000HAB","Pour 1 000 000 habitants","0","Unités",,,153.506,,
"DJI","Djibouti","SC_GDP","Coûts en bien-être des décès prématurés, % équivalent PIB","HTEMP","Température élevée","BOTH","Deux sexes","ALL","Toutes","2019","2019","PC","Pourcentage","0","Unités",,,1.843532,,
"DMA","Dominique","MOR_CAP","Décès prématurés, par million d'habitants","HTEMP","Température élevée","BOTH","Deux sexes","ALL","Toutes","2019","2019","1000000HAB","Pour 1 000 000 habitants","0","Unités",,,14.5,,
"DMA","Dominique","SC_GDP","Coûts en bien-être des décès prématurés, % équivalent PIB","HTEMP","Température élevée","BOTH","Deux sexes","ALL","Toutes","2019","2019","PC","Pourcentage","0","Unités",,,0.1639288,,
"DOM","République dominicaine","MOR_CAP","Décès prématurés, par million d'habitants","HTEMP","Température élevée","BOTH","Deux sexes","ALL","Toutes","2019","2019","1000000HAB","Pour 1 000 000 habitants","0","Unités",,,10.68,,
"DOM","République dominicaine","SC_GDP","Coûts en bien-être des décès prématurés, % équivalent PIB","HTEMP","Température élevée","BOTH","Deux sexes","ALL","Toutes","2019","2019","PC","Pourcentage","0","Unités",,,0.115218,,
"SLV","El Salvador","MOR_CAP","Décès prématurés, par million d'habitants","HTEMP","Température élevée","BOTH","Deux sexes","ALL","Toutes","2019","2019","1000000HAB","Pour 1 000 000 habitants","0","Unités",,,62.091,,
"SLV","El Salvador","SC_GDP","Coûts en bien-être des décès prématurés, % équivalent PIB","HTEMP","Température élevée","BOTH","Deux sexes","ALL","Toutes","2019","2019","PC","Pourcentage","0","Unités",,,0.7251255,,
"GNQ","Guinée équatoriale","MOR_CAP","Décès prématurés, par million d'habitants","HTEMP","Température élevée","BOTH","Deux sexes","ALL","Toutes","2019","2019","1000000HAB","Pour 1 000 000 habitants","0","Unités",,,2.278,,
"GNQ","Guinée équatoriale","SC_GDP","Coûts en bien-être des décès prématurés, % équivalent PIB","HTEMP","Température élevée","BOTH","Deux sexes","ALL","Toutes","2019","2019","PC","Pourcentage","0","Unités",,,0.02437098,,
"ETH","Éthiopie","MOR_CAP","Décès prématurés, par million d'habitants","HTEMP","Température élevée","BOTH","Deux sexes","ALL","Toutes","2019","2019","1000000HAB","Pour 1 000 000 habitants","0","Unités",,,20.182,,
"ETH","Éthiopie","SC_GDP","Coûts en bien-être des décès prématurés, % équivalent PIB","HTEMP","Température élevée","BOTH","Deux sexes","ALL","Toutes","2019","2019","PC","Pourcentage","0","Unités",,,0.2030083,,
"FIN","Finlande","MOR_CAP","Décès prématurés, par million d'habitants","HTEMP","Température élevée","BOTH","Deux sexes","ALL","Toutes","2019","2019","1000000HAB","Pour 1 000 000 habitants","0","Unités",,,0.387,,
"FIN","Finlande","SC_GDP","Coûts en bien-être des décès prématurés, % équivalent PIB","HTEMP","Température élevée","BOTH","Deux sexes","ALL","Toutes","2019","2019","PC","Pourcentage","0","Unités",,,0.003774025,,
"ECU","Équateur","MOR_CAP","Décès prématurés, par million d'habitants","HTEMP","Température élevée","BOTH","Deux sexes","ALL","Toutes","2019","2019","1000000HAB","Pour 1 000 000 habitants","0","Unités",,,2.843,,
"ECU","Équateur","SC_GDP","Coûts en bien-être des décès prématurés, % équivalent PIB","HTEMP","Température élevée","BOTH","Deux sexes","ALL","Toutes","2019","2019","PC","Pourcentage","0","Unités",,,0.03215268,,
"ERI","Érythrée","MOR_CAP","Décès prématurés, par million d'habitants","HTEMP","Température élevée","BOTH","Deux sexes","ALL","Toutes","2019","2019","1000000HAB","Pour 1 000 000 habitants","0","Unités",,,209.104,,
"ERI","Érythrée","SC_GDP","Coûts en bien-être des décès prématurés, % équivalent PIB","HTEMP","Température élevée","BOTH","Deux sexes","ALL","Toutes","2019","2019","PC","Pourcentage","0","Unités",,,2.107376,,
"EST","Estonie","MOR_CAP","Décès prématurés, par million d'habitants","HTEMP","Température élevée","BOTH","Deux sexes","ALL","Toutes","2019","2019","1000000HAB","Pour 1 000 000 habitants","0","Unités",,,1.33,,
"EST","Estonie","SC_GDP","Coûts en bien-être des décès prématurés, % équivalent PIB","HTEMP","Température élevée","BOTH","Deux sexes","ALL","Toutes","2019","2019","PC","Pourcentage","0","Unités",,,0.01400644,,
"FJI","Fidji","MOR_CAP","Décès prématurés, par million d'habitants","HTEMP","Température élevée","BOTH","Deux sexes","ALL","Toutes","2019","2019","1000000HAB","Pour 1 000 000 habitants","0","Unités",,,9.934,,
"FJI","Fidji","SC_GDP","Coûts en bien-être des décès prématurés, % équivalent PIB","HTEMP","Température élevée","BOTH","Deux sexes","ALL","Toutes","2019","2019","PC","Pourcentage","0","Unités",,,0.1121152,,
"GAB","Gabon","MOR_CAP","Décès prématurés, par million d'habitants","HTEMP","Température élevée","BOTH","Deux sexes","ALL","Toutes","2019","2019","1000000HAB","Pour 1 000 000 habitants","0","Unités",,,6.549,,
"GAB","Gabon","SC_GDP","Coûts en bien-être des décès prématurés, % équivalent PIB","HTEMP","Température élevée","BOTH","Deux sexes","ALL","Toutes","2019","2019","PC","Pourcentage","0","Unités",,,0.0709767,,
"GRD","Grenade","MOR_CAP","Décès prématurés, par million d'habitants","HTEMP","Température élevée","BOTH","Deux sexes","ALL","Toutes","2019","2019","1000000HAB","Pour 1 000 000 habitants","0","Unités",,,34.408,,
"GRD","Grenade","SC_GDP","Coûts en bien-être des décès prématurés, % équivalent PIB","HTEMP","Température élevée","BOTH","Deux sexes","ALL","Toutes","2019","2019","PC","Pourcentage","0","Unités",,,0.3765397,,
"FRA","France","MOR_CAP","Décès prématurés, par million d'habitants","HTEMP","Température élevée","BOTH","Deux sexes","ALL","Toutes","2019","2019","1000000HAB","Pour 1 000 000 habitants","0","Unités",,,0.819,,
"FRA","France","SC_GDP","Coûts en bien-être des décès prématurés, % équivalent PIB","HTEMP","Température élevée","BOTH","Deux sexes","ALL","Toutes","2019","2019","PC","Pourcentage","0","Unités",,,0.007989082,,
"GMB","Gambie","MOR_CAP","Décès prématurés, par million d'habitants","HTEMP","Température élevée","BOTH","Deux sexes","ALL","Toutes","2019","2019","1000000HAB","Pour 1 000 000 habitants","0","Unités",,,58.705,,
"GMB","Gambie","SC_GDP","Coûts en bien-être des décès prématurés, % équivalent PIB","HTEMP","Température élevée","BOTH","Deux sexes","ALL","Toutes","2019","2019","PC","Pourcentage","0","Unités",,,0.5908911,,
"GEO","Géorgie","MOR_CAP","Décès prématurés, par million d'habitants","HTEMP","Température élevée","BOTH","Deux sexes","ALL","Toutes","2019","2019","1000000HAB","Pour 1 000 000 habitants","0","Unités",,,3.282,,
"GEO","Géorgie","SC_GDP","Coûts en bien-être des décès prématurés, % équivalent PIB","HTEMP","Température élevée","BOTH","Deux sexes","ALL","Toutes","2019","2019","PC","Pourcentage","0","Unités",,,0.03685204,,
"GHA","Ghana","MOR_CAP","Décès prématurés, par million d'habitants","HTEMP","Température élevée","BOTH","Deux sexes","ALL","Toutes","2019","2019","1000000HAB","Pour 1 000 000 habitants","0","Unités",,,83.446,,
"GHA","Ghana","SC_GDP","Coûts en bien-être des décès prématurés, % équivalent PIB","HTEMP","Température élevée","BOTH","Deux sexes","ALL","Toutes","2019","2019","PC","Pourcentage","0","Unités",,,1.077633,,
"GRL","Groenland","MOR_CAP","Décès prématurés, par million d'habitants","HTEMP","Température élevée","BOTH","Deux sexes","ALL","Toutes","2019","2019","1000000HAB","Pour 1 000 000 habitants","0","Unités",,,0,,
"GUM","Guam","MOR_CAP","Décès prématurés, par million d'habitants","HTEMP","Température élevée","BOTH","Deux sexes","ALL","Toutes","2019","2019","1000000HAB","Pour 1 000 000 habitants","0","Unités",,,51.785,,
"GTM","Guatemala","MOR_CAP","Décès prématurés, par million d'habitants","HTEMP","Température élevée","BOTH","Deux sexes","ALL","Toutes","2019","2019","1000000HAB","Pour 1 000 000 habitants","0","Unités",,,32.446,,
"GTM","Guatemala","SC_GDP","Coûts en bien-être des décès prématurés, % équivalent PIB","HTEMP","Température élevée","BOTH","Deux sexes","ALL","Toutes","2019","2019","PC","Pourcentage","0","Unités",,,0.3781853,,
"GIN","Guinée","MOR_CAP","Décès prématurés, par million d'habitants","HTEMP","Température élevée","BOTH","Deux sexes","ALL","Toutes","2019","2019","1000000HAB","Pour 1 000 000 habitants","0","Unités",,,59.02,,
"GIN","Guinée","SC_GDP","Coûts en bien-être des décès prématurés, % équivalent PIB","HTEMP","Température élevée","BOTH","Deux sexes","ALL","Toutes","2019","2019","PC","Pourcentage","0","Unités",,,0.5943446,,
"GUY","Guyana","MOR_CAP","Décès prématurés, par million d'habitants","HTEMP","Température élevée","BOTH","Deux sexes","ALL","Toutes","2019","2019","1000000HAB","Pour 1 000 000 habitants","0","Unités",,,28.014,,
"GUY","Guyana","SC_GDP","Coûts en bien-être des décès prématurés, % équivalent PIB","HTEMP","Température élevée","BOTH","Deux sexes","ALL","Toutes","2019","2019","PC","Pourcentage","0","Unités",,,0.3360806,,
"DEU","Allemagne","MOR_CAP","Décès prématurés, par million d'habitants","HTEMP","Température élevée","BOTH","Deux sexes","ALL","Toutes","2019","2019","1000000HAB","Pour 1 000 000 habitants","0","Unités",,,1.204,,
"DEU","Allemagne","SC_GDP","Coûts en bien-être des décès prématurés, % équivalent PIB","HTEMP","Température élevée","BOTH","Deux sexes","ALL","Toutes","2019","2019","PC","Pourcentage","0","Unités",,,0.01147034,,
"GRC","Grèce","MOR_CAP","Décès prématurés, par million d'habitants","HTEMP","Température élevée","BOTH","Deux sexes","ALL","Toutes","2019","2019","1000000HAB","Pour 1 000 000 habitants","0","Unités",,,2.25,,
"GRC","Grèce","SC_GDP","Coûts en bien-être des décès prématurés, % équivalent PIB","HTEMP","Température élevée","BOTH","Deux sexes","ALL","Toutes","2019","2019","PC","Pourcentage","0","Unités",,,0.02394487,,
"IRL","Irlande","MOR_CAP","Décès prématurés, par million d'habitants","HTEMP","Température élevée","BOTH","Deux sexes","ALL","Toutes","2019","2019","1000000HAB","Pour 1 000 000 habitants","0","Unités",,,0,,
"IRL","Irlande","SC_GDP","Coûts en bien-être des décès prématurés, % équivalent PIB","HTEMP","Température élevée","BOTH","Deux sexes","ALL","Toutes","2019","2019","PC","Pourcentage","0","Unités",,,0.0000000127803,,
"GNB","Guinée-Bissau","MOR_CAP","Décès prématurés, par million d'habitants","HTEMP","Température élevée","BOTH","Deux sexes","ALL","Toutes","2019","2019","1000000HAB","Pour 1 000 000 habitants","0","Unités",,,77.323,,
"GNB","Guinée-Bissau","SC_GDP","Coûts en bien-être des décès prématurés, % équivalent PIB","HTEMP","Température élevée","BOTH","Deux sexes","ALL","Toutes","2019","2019","PC","Pourcentage","0","Unités",,,0.7777301,,
"HND","Honduras","MOR_CAP","Décès prématurés, par million d'habitants","HTEMP","Température élevée","BOTH","Deux sexes","ALL","Toutes","2019","2019","1000000HAB","Pour 1 000 000 habitants","0","Unités",,,10.187,,
"HND","Honduras","SC_GDP","Coûts en bien-être des décès prématurés, % équivalent PIB","HTEMP","Température élevée","BOTH","Deux sexes","ALL","Toutes","2019","2019","PC","Pourcentage","0","Unités",,,0.125066,,
"IND","Inde","MOR_CAP","Décès prématurés, par million d'habitants","HTEMP","Température élevée","BOTH","Deux sexes","ALL","Toutes","2019","2019","1000000HAB","Pour 1 000 000 habitants","0","Unités",,,93.12,,
"IND","Inde","SC_GDP","Coûts en bien-être des décès prématurés, % équivalent PIB","HTEMP","Température élevée","BOTH","Deux sexes","ALL","Toutes","2019","2019","PC","Pourcentage","0","Unités",,,1.091934,,
"IRN","Iran","SC_GDP","Coûts en bien-être des décès prématurés, % équivalent PIB","HTEMP","Température élevée","BOTH","Deux sexes","ALL","Toutes","2019","2019","PC","Pourcentage","0","Unités",,,0.2884513,,
"ISR","Israël","MOR_CAP","Décès prématurés, par million d'habitants","HTEMP","Température élevée","BOTH","Deux sexes","ALL","Toutes","2019","2019","1000000HAB","Pour 1 000 000 habitants","0","Unités",,,9.747,,
"ISR","Israël","SC_GDP","Coûts en bien-être des décès prématurés, % équivalent PIB","HTEMP","Température élevée","BOTH","Deux sexes","ALL","Toutes","2019","2019","PC","Pourcentage","0","Unités",,,0.09538076,,
"HUN","Hongrie","MOR_CAP","Décès prématurés, par million d'habitants","HTEMP","Température élevée","BOTH","Deux sexes","ALL","Toutes","2019","2019","1000000HAB","Pour 1 000 000 habitants","0","Unités",,,2.937,,
"HUN","Hongrie","SC_GDP","Coûts en bien-être des décès prématurés, % équivalent PIB","HTEMP","Température élevée","BOTH","Deux sexes","ALL","Toutes","2019","2019","PC","Pourcentage","0","Unités",,,0.03110127,,
"ISL","Islande","MOR_CAP","Décès prématurés, par million d'habitants","HTEMP","Température élevée","BOTH","Deux sexes","ALL","Toutes","2019","2019","1000000HAB","Pour 1 000 000 habitants","0","Unités",,,0,,
"ISL","Islande","SC_GDP","Coûts en bien-être des décès prématurés, % équivalent PIB","HTEMP","Température élevée","BOTH","Deux sexes","ALL","Toutes","2019","2019","PC","Pourcentage","0","Unités",,,0.00000000008531,,
"ITA","Italie","MOR_CAP","Décès prématurés, par million d'habitants","HTEMP","Température élevée","BOTH","Deux sexes","ALL","Toutes","2019","2019","1000000HAB","Pour 1 000 000 habitants","0","Unités",,,1.688,,
"ITA","Italie","SC_GDP","Coûts en bien-être des décès prématurés, % équivalent PIB","HTEMP","Température élevée","BOTH","Deux sexes","ALL","Toutes","2019","2019","PC","Pourcentage","0","Unités",,,0.0170911,,
"HTI","Haïti","MOR_CAP","Décès prématurés, par million d'habitants","HTEMP","Température élevée","BOTH","Deux sexes","ALL","Toutes","2019","2019","1000000HAB","Pour 1 000 000 habitants","0","Unités",,,23.1,,
"HTI","Haïti","SC_GDP","Coûts en bien-être des décès prématurés, % équivalent PIB","HTEMP","Température élevée","BOTH","Deux sexes","ALL","Toutes","2019","2019","PC","Pourcentage","0","Unités",,,0.2321916,,
"IDN","Indonésie","MOR_CAP","Décès prématurés, par million d'habitants","HTEMP","Température élevée","BOTH","Deux sexes","ALL","Toutes","2019","2019","1000000HAB","Pour 1 000 000 habitants","0","Unités",,,20.594,,
"IDN","Indonésie","SC_GDP","Coûts en bien-être des décès prématurés, % équivalent PIB","HTEMP","Température élevée","BOTH","Deux sexes","ALL","Toutes","2019","2019","PC","Pourcentage","0","Unités",,,0.2265043,,
"IRN","Iran","MOR_CAP","Décès prématurés, par million d'habitants","HTEMP","Température élevée","BOTH","Deux sexes","ALL","Toutes","2019","2019","1000000HAB","Pour 1 000 000 habitants","0","Unités",,,26.708,,
"JAM","Jamaïque","MOR_CAP","Décès prématurés, par million d'habitants","HTEMP","Température élevée","BOTH","Deux sexes","ALL","Toutes","2019","2019","1000000HAB","Pour 1 000 000 habitants","0","Unités",,,24.213,,
"JAM","Jamaïque","SC_GDP","Coûts en bien-être des décès prématurés, % équivalent PIB","HTEMP","Température élevée","BOTH","Deux sexes","ALL","Toutes","2019","2019","PC","Pourcentage","0","Unités",,,0.2796073,,
"JOR","Jordanie","MOR_CAP","Décès prématurés, par million d'habitants","HTEMP","Température élevée","BOTH","Deux sexes","ALL","Toutes","2019","2019","1000000HAB","Pour 1 000 000 habitants","0","Unités",,,12.015,,
"JOR","Jordanie","SC_GDP","Coûts en bien-être des décès prématurés, % équivalent PIB","HTEMP","Température élevée","BOTH","Deux sexes","ALL","Toutes","2019","2019","PC","Pourcentage","0","Unités",,,0.1373249,,
"JPN","Japon","MOR_CAP","Décès prématurés, par million d'habitants","HTEMP","Température élevée","BOTH","Deux sexes","ALL","Toutes","2019","2019","1000000HAB","Pour 1 000 000 habitants","0","Unités",,,8.949,,
"JPN","Japon","SC_GDP","Coûts en bien-être des décès prématurés, % équivalent PIB","HTEMP","Température élevée","BOTH","Deux sexes","ALL","Toutes","2019","2019","PC","Pourcentage","0","Unités",,,0.08712588,,
"LUX","Luxembourg","MOR_CAP","Décès prématurés, par million d'habitants","HTEMP","Température élevée","BOTH","Deux sexes","ALL","Toutes","2019","2019","1000000HAB","Pour 1 000 000 habitants","0","Unités",,,0.298,,
"LUX","Luxembourg","SC_GDP","Coûts en bien-être des décès prématurés, % équivalent PIB","HTEMP","Température élevée","BOTH","Deux sexes","ALL","Toutes","2019","2019","PC","Pourcentage","0","Unités",,,0.002486863,,
"IRQ","Iraq","MOR_CAP","Décès prématurés, par million d'habitants","HTEMP","Température élevée","BOTH","Deux sexes","ALL","Toutes","2019","2019","1000000HAB","Pour 1 000 000 habitants","0","Unités",,,72.472,,
"IRQ","Iraq","SC_GDP","Coûts en bien-être des décès prématurés, % équivalent PIB","HTEMP","Température élevée","BOTH","Deux sexes","ALL","Toutes","2019","2019","PC","Pourcentage","0","Unités",,,0.7861672,,
"KEN","Kenya","MOR_CAP","Décès prématurés, par million d'habitants","HTEMP","Température élevée","BOTH","Deux sexes","ALL","Toutes","2019","2019","1000000HAB","Pour 1 000 000 habitants","0","Unités",,,15.506,,
"KEN","Kenya","SC_GDP","Coûts en bien-être des décès prématurés, % équivalent PIB","HTEMP","Température élevée","BOTH","Deux sexes","ALL","Toutes","2019","2019","PC","Pourcentage","0","Unités",,,0.2007574,,
"KIR","Kiribati","MOR_CAP","Décès prématurés, par million d'habitants","HTEMP","Température élevée","BOTH","Deux sexes","ALL","Toutes","2019","2019","1000000HAB","Pour 1 000 000 habitants","0","Unités",,,52.085,,
"KIR","Kiribati","SC_GDP","Coûts en bien-être des décès prématurés, % équivalent PIB","HTEMP","Température élevée","BOTH","Deux sexes","ALL","Toutes","2019","2019","PC","Pourcentage","0","Unités",,,0.6925622,,
"KWT","Koweït","MOR_CAP","Décès prématurés, par million d'habitants","HTEMP","Température élevée","BOTH","Deux sexes","ALL","Toutes","2019","2019","1000000HAB","Pour 1 000 000 habitants","0","Unités",,,67.371,,
"KWT","Koweït","SC_GDP","Coûts en bien-être des décès prématurés, % équivalent PIB","HTEMP","Température élevée","BOTH","Deux sexes","ALL","Toutes","2019","2019","PC","Pourcentage","0","Unités",,,0.5917048,,
"LSO","Lesotho","MOR_CAP","Décès prématurés, par million d'habitants","HTEMP","Température élevée","BOTH","Deux sexes","ALL","Toutes","2019","2019","1000000HAB","Pour 1 000 000 habitants","0","Unités",,,0.041,,
"LSO","Lesotho","SC_GDP","Coûts en bien-être des décès prématurés, % équivalent PIB","HTEMP","Température élevée","BOTH","Deux sexes","ALL","Toutes","2019","2019","PC","Pourcentage","0","Unités",,,0.0005244193,,
"LTU","Lituanie","MOR_CAP","Décès prématurés, par million d'habitants","HTEMP","Température élevée","BOTH","Deux sexes","ALL","Toutes","2019","2019","1000000HAB","Pour 1 000 000 habitants","0","Unités",,,1.046,,
"LTU","Lituanie","SC_GDP","Coûts en bien-être des décès prématurés, % équivalent PIB","HTEMP","Température élevée","BOTH","Deux sexes","ALL","Toutes","2019","2019","PC","Pourcentage","0","Unités",,,0.01083778,,
"MEX","Mexique","MOR_CAP","Décès prématurés, par million d'habitants","HTEMP","Température élevée","BOTH","Deux sexes","ALL","Toutes","2019","2019","1000000HAB","Pour 1 000 000 habitants","0","Unités",,,15.908,,
"MEX","Mexique","SC_GDP","Coûts en bien-être des décès prématurés, % équivalent PIB","HTEMP","Température élevée","BOTH","Deux sexes","ALL","Toutes","2019","2019","PC","Pourcentage","0","Unités",,,0.1724209,,
"KAZ","Kazakhstan","MOR_CAP","Décès prématurés, par million d'habitants","HTEMP","Température élevée","BOTH","Deux sexes","ALL","Toutes","2019","2019","1000000HAB","Pour 1 000 000 habitants","0","Unités",,,16.721,,
"KAZ","Kazakhstan","SC_GDP","Coûts en bien-être des décès prématurés, % équivalent PIB","HTEMP","Température élevée","BOTH","Deux sexes","ALL","Toutes","2019","2019","PC","Pourcentage","0","Unités",,,0.1730299,,
"KGZ","Kirghizistan","MOR_CAP","Décès prématurés, par million d'habitants","HTEMP","Température élevée","BOTH","Deux sexes","ALL","Toutes","2019","2019","1000000HAB","Pour 1 000 000 habitants","0","Unités",,,0.292,,
"KGZ","Kirghizistan","SC_GDP","Coûts en bien-être des décès prématurés, % équivalent PIB","HTEMP","Température élevée","BOTH","Deux sexes","ALL","Toutes","2019","2019","PC","Pourcentage","0","Unités",,,0.003628509,,
"LAO","République démocratique populaire lao","MOR_CAP","Décès prématurés, par million d'habitants","HTEMP","Température élevée","BOTH","Deux sexes","ALL","Toutes","2019","2019","1000000HAB","Pour 1 000 000 habitants","0","Unités",,,23.858,,
"LAO","République démocratique populaire lao","SC_GDP","Coûts en bien-être des décès prématurés, % équivalent PIB","HTEMP","Température élevée","BOTH","Deux sexes","ALL","Toutes","2019","2019","PC","Pourcentage","0","Unités",,,0.2834478,,
"LBN","Liban","MOR_CAP","Décès prématurés, par million d'habitants","HTEMP","Température élevée","BOTH","Deux sexes","ALL","Toutes","2019","2019","1000000HAB","Pour 1 000 000 habitants","0","Unités",,,0.497,,
"LBN","Liban","SC_GDP","Coûts en bien-être des décès prématurés, % équivalent PIB","HTEMP","Température élevée","BOTH","Deux sexes","ALL","Toutes","2019","2019","PC","Pourcentage","0","Unités",,,0.005483861,,
"LBY","Libye","MOR_CAP","Décès prématurés, par million d'habitants","HTEMP","Température élevée","BOTH","Deux sexes","ALL","Toutes","2019","2019","1000000HAB","Pour 1 000 000 habitants","0","Unités",,,35.872,,
"LBY","Libye","SC_GDP","Coûts en bien-être des décès prématurés, % équivalent PIB","HTEMP","Température élevée","BOTH","Deux sexes","ALL","Toutes","2019","2019","PC","Pourcentage","0","Unités",,,0.3788799,,
"MKD","Macédoine du Nord","MOR_CAP","Décès prématurés, par million d'habitants","HTEMP","Température élevée","BOTH","Deux sexes","ALL","Toutes","2019","2019","1000000HAB","Pour 1 000 000 habitants","0","Unités",,,0.56,,
"MKD","Macédoine du Nord","SC_GDP","Coûts en bien-être des décès prématurés, % équivalent PIB","HTEMP","Température élevée","BOTH","Deux sexes","ALL","Toutes","2019","2019","PC","Pourcentage","0","Unités",,,0.006186812,,
"LVA","Lettonie","MOR_CAP","Décès prématurés, par million d'habitants","HTEMP","Température élevée","BOTH","Deux sexes","ALL","Toutes","2019","2019","1000000HAB","Pour 1 000 000 habitants","0","Unités",,,0.667,,
"LVA","Lettonie","SC_GDP","Coûts en bien-être des décès prématurés, % équivalent PIB","HTEMP","Température élevée","BOTH","Deux sexes","ALL","Toutes","2019","2019","PC","Pourcentage","0","Unités",,,0.007181093,,
"LBR","Libéria","MOR_CAP","Décès prématurés, par million d'habitants","HTEMP","Température élevée","BOTH","Deux sexes","ALL","Toutes","2019","2019","1000000HAB","Pour 1 000 000 habitants","0","Unités",,,7.134,,
"LBR","Libéria","SC_GDP","Coûts en bien-être des décès prématurés, % équivalent PIB","HTEMP","Température élevée","BOTH","Deux sexes","ALL","Toutes","2019","2019","PC","Pourcentage","0","Unités",,,0.07176895,,
"MDG","Madagascar","MOR_CAP","Décès prématurés, par million d'habitants","HTEMP","Température élevée","BOTH","Deux sexes","ALL","Toutes","2019","2019","1000000HAB","Pour 1 000 000 habitants","0","Unités",,,9.557,,
"MDG","Madagascar","SC_GDP","Coûts en bien-être des décès prématurés, % équivalent PIB","HTEMP","Température élevée","BOTH","Deux sexes","ALL","Toutes","2019","2019","PC","Pourcentage","0","Unités",,,0.09619076,,
"MWI","Malawi","MOR_CAP","Décès prématurés, par million d'habitants","HTEMP","Température élevée","BOTH","Deux sexes","ALL","Toutes","2019","2019","1000000HAB","Pour 1 000 000 habitants","0","Unités",,,4.341,,
"MWI","Malawi","SC_GDP","Coûts en bien-être des décès prématurés, % équivalent PIB","HTEMP","Température élevée","BOTH","Deux sexes","ALL","Toutes","2019","2019","PC","Pourcentage","0","Unités",,,0.04369945,,
"MDV","Maldives","MOR_CAP","Décès prématurés, par million d'habitants","HTEMP","Température élevée","BOTH","Deux sexes","ALL","Toutes","2019","2019","1000000HAB","Pour 1 000 000 habitants","0","Unités",,,17.473,,
"MDV","Maldives","SC_GDP","Coûts en bien-être des décès prématurés, % équivalent PIB","HTEMP","Température élevée","BOTH","Deux sexes","ALL","Toutes","2019","2019","PC","Pourcentage","0","Unités",,,0.187585,,
"FSM","MicronTsie","MOR_CAP","Décès prématurés, par million d'habitants","HTEMP","Température élevée","BOTH","Deux sexes","ALL","Toutes","2019","2019","1000000HAB","Pour 1 000 000 habitants","0","Unités",,,57.48,,
"FSM","MicronTsie","SC_GDP","Coûts en bien-être des décès prématurés, % équivalent PIB","HTEMP","Température élevée","BOTH","Deux sexes","ALL","Toutes","2019","2019","PC","Pourcentage","0","Unités",,,0.7380701,,
"MDA","Moldova","MOR_CAP","Décès prématurés, par million d'habitants","HTEMP","Température élevée","BOTH","Deux sexes","ALL","Toutes","2019","2019","1000000HAB","Pour 1 000 000 habitants","0","Unités",,,1.79,,
"MDA","Moldova","SC_GDP","Coûts en bien-être des décès prématurés, % équivalent PIB","HTEMP","Température élevée","BOTH","Deux sexes","ALL","Toutes","2019","2019","PC","Pourcentage","0","Unités",,,0.02117925,,
"MYS","Malaisie","MOR_CAP","Décès prématurés, par million d'habitants","HTEMP","Température élevée","BOTH","Deux sexes","ALL","Toutes","2019","2019","1000000HAB","Pour 1 000 000 habitants","0","Unités",,,24.838,,
"MYS","Malaisie","SC_GDP","Coûts en bien-être des décès prématurés, % équivalent PIB","HTEMP","Température élevée","BOTH","Deux sexes","ALL","Toutes","2019","2019","PC","Pourcentage","0","Unités",,,0.2533967,,
"MLI","Mali","MOR_CAP","Décès prématurés, par million d'habitants","HTEMP","Température élevée","BOTH","Deux sexes","ALL","Toutes","2019","2019","1000000HAB","Pour 1 000 000 habitants","0","Unités",,,168.774,,
"MLI","Mali","SC_GDP","Coûts en bien-être des décès prématurés, % équivalent PIB","HTEMP","Température élevée","BOTH","Deux sexes","ALL","Toutes","2019","2019","PC","Pourcentage","0","Unités",,,1.699377,,
"MLT","Malte","MOR_CAP","Décès prématurés, par million d'habitants","HTEMP","Température élevée","BOTH","Deux sexes","ALL","Toutes","2019","2019","1000000HAB","Pour 1 000 000 habitants","0","Unités",,,1.999,,
"MLT","Malte","SC_GDP","Coûts en bien-être des décès prématurés, % équivalent PIB","HTEMP","Température élevée","BOTH","Deux sexes","ALL","Toutes","2019","2019","PC","Pourcentage","0","Unités",,,0.01915574,,
"MRT","Mauritanie","MOR_CAP","Décès prématurés, par million d'habitants","HTEMP","Température élevée","BOTH","Deux sexes","ALL","Toutes","2019","2019","1000000HAB","Pour 1 000 000 habitants","0","Unités",,,106.509,,
"MRT","Mauritanie","SC_GDP","Coûts en bien-être des décès prématurés, % équivalent PIB","HTEMP","Température élevée","BOTH","Deux sexes","ALL","Toutes","2019","2019","PC","Pourcentage","0","Unités",,,1.304288,,
"MUS","Maurice","MOR_CAP","Décès prématurés, par million d'habitants","HTEMP","Température élevée","BOTH","Deux sexes","ALL","Toutes","2019","2019","1000000HAB","Pour 1 000 000 habitants","0","Unités",,,-0.727,,
"MUS","Maurice","SC_GDP","Coûts en bien-être des décès prématurés, % équivalent PIB","HTEMP","Température élevée","BOTH","Deux sexes","ALL","Toutes","2019","2019","PC","Pourcentage","0","Unités",,,-0.007957577,,
"MNG","Mongolie","MOR_CAP","Décès prématurés, par million d'habitants","HTEMP","Température élevée","BOTH","Deux sexes","ALL","Toutes","2019","2019","1000000HAB","Pour 1 000 000 habitants","0","Unités",,,1.949,,
"MNG","Mongolie","SC_GDP","Coûts en bien-être des décès prématurés, % équivalent PIB","HTEMP","Température élevée","BOTH","Deux sexes","ALL","Toutes","2019","2019","PC","Pourcentage","0","Unités",,,0.02155965,,
"MAR","Maroc","MOR_CAP","Décès prématurés, par million d'habitants","HTEMP","Température élevée","BOTH","Deux sexes","ALL","Toutes","2019","2019","1000000HAB","Pour 1 000 000 habitants","0","Unités",,,18.193,,
"MAR","Maroc","SC_GDP","Coûts en bien-être des décès prématurés, % équivalent PIB","HTEMP","Température élevée","BOTH","Deux sexes","ALL","Toutes","2019","2019","PC","Pourcentage","0","Unités",,,0.2113092,,
"NER","Niger","MOR_CAP","Décès prématurés, par million d'habitants","HTEMP","Température élevée","BOTH","Deux sexes","ALL","Toutes","2019","2019","1000000HAB","Pour 1 000 000 habitants","0","Unités",,,165.037,,
"NER","Niger","SC_GDP","Coûts en bien-être des décès prématurés, % équivalent PIB","HTEMP","Température élevée","BOTH","Deux sexes","ALL","Toutes","2019","2019","PC","Pourcentage","0","Unités",,,1.663094,,
"NZL","Nouvelle-Zélande","MOR_CAP","Décès prématurés, par million d'habitants","HTEMP","Température élevée","BOTH","Deux sexes","ALL","Toutes","2019","2019","1000000HAB","Pour 1 000 000 habitants","0","Unités",,,0.001,,
"NZL","Nouvelle-Zélande","SC_GDP","Coûts en bien-être des décès prématurés, % équivalent PIB","HTEMP","Température élevée","BOTH","Deux sexes","ALL","Toutes","2019","2019","PC","Pourcentage","0","Unités",,,0.00001059917,,
"MHL","Îles Marshall","MOR_CAP","Décès prématurés, par million d'habitants","HTEMP","Température élevée","BOTH","Deux sexes","ALL","Toutes","2019","2019","1000000HAB","Pour 1 000 000 habitants","0","Unités",,,51.005,,
"MHL","Îles Marshall","SC_GDP","Coûts en bien-être des décès prématurés, % équivalent PIB","HTEMP","Température élevée","BOTH","Deux sexes","ALL","Toutes","2019","2019","PC","Pourcentage","0","Unités",,,0.6390907,,
"MOZ","Mozambique","MOR_CAP","Décès prématurés, par million d'habitants","HTEMP","Température élevée","BOTH","Deux sexes","ALL","Toutes","2019","2019","1000000HAB","Pour 1 000 000 habitants","0","Unités",,,22.138,,
"MOZ","Mozambique","SC_GDP","Coûts en bien-être des décès prématurés, % équivalent PIB","HTEMP","Température élevée","BOTH","Deux sexes","ALL","Toutes","2019","2019","PC","Pourcentage","0","Unités",,,0.2229005,,
"MMR","Myanmar","MOR_CAP","Décès prématurés, par million d'habitants","HTEMP","Température élevée","BOTH","Deux sexes","ALL","Toutes","2019","2019","1000000HAB","Pour 1 000 000 habitants","0","Unités",,,55.434,,
"MMR","Myanmar","SC_GDP","Coûts en bien-être des décès prématurés, % équivalent PIB","HTEMP","Température élevée","BOTH","Deux sexes","ALL","Toutes","2019","2019","PC","Pourcentage","0","Unités",,,0.6686214,,
"NAM","Namibie","MOR_CAP","Décès prématurés, par million d'habitants","HTEMP","Température élevée","BOTH","Deux sexes","ALL","Toutes","2019","2019","1000000HAB","Pour 1 000 000 habitants","0","Unités",,,30.959,,
"NAM","Namibie","SC_GDP","Coûts en bien-être des décès prématurés, % équivalent PIB","HTEMP","Température élevée","BOTH","Deux sexes","ALL","Toutes","2019","2019","PC","Pourcentage","0","Unités",,,0.3540587,,
"NIC","Nicaragua","MOR_CAP","Décès prématurés, par million d'habitants","HTEMP","Température élevée","BOTH","Deux sexes","ALL","Toutes","2019","2019","1000000HAB","Pour 1 000 000 habitants","0","Unités",,,18.388,,
"NIC","Nicaragua","SC_GDP","Coûts en bien-être des décès prématurés, % équivalent PIB","HTEMP","Température élevée","BOTH","Deux sexes","ALL","Toutes","2019","2019","PC","Pourcentage","0","Unités",,,0.2246282,,
"NGA","Nigéria","MOR_CAP","Décès prématurés, par million d'habitants","HTEMP","Température élevée","BOTH","Deux sexes","ALL","Toutes","2019","2019","1000000HAB","Pour 1 000 000 habitants","0","Unités",,,96.7,,
"NGA","Nigéria","SC_GDP","Coûts en bien-être des décès prématurés, % équivalent PIB","HTEMP","Température élevée","BOTH","Deux sexes","ALL","Toutes","2019","2019","PC","Pourcentage","0","Unités",,,1.166819,,
"PRI","Porto Rico","MOR_CAP","Décès prématurés, par million d'habitants","HTEMP","Température élevée","BOTH","Deux sexes","ALL","Toutes","2019","2019","1000000HAB","Pour 1 000 000 habitants","0","Unités",,,7.853,,
"PRI","Porto Rico","SC_GDP","Coûts en bien-être des décès prématurés, % équivalent PIB","HTEMP","Température élevée","BOTH","Deux sexes","ALL","Toutes","2019","2019","PC","Pourcentage","0","Unités",,,0.07865535,,
"NOR","Norvège","MOR_CAP","Décès prématurés, par million d'habitants","HTEMP","Température élevée","BOTH","Deux sexes","ALL","Toutes","2019","2019","1000000HAB","Pour 1 000 000 habitants","0","Unités",,,0.047,,
"NOR","Norvège","SC_GDP","Coûts en bien-être des décès prématurés, % équivalent PIB","HTEMP","Température élevée","BOTH","Deux sexes","ALL","Toutes","2019","2019","PC","Pourcentage","0","Unités",,,0.0004264458,,
"NRU","Nauru","MOR_CAP","Décès prématurés, par million d'habitants","HTEMP","Température élevée","BOTH","Deux sexes","ALL","Toutes","2019","2019","1000000HAB","Pour 1 000 000 habitants","0","Unités",,,100.522,,
"NRU","Nauru","SC_GDP","Coûts en bien-être des décès prématurés, % équivalent PIB","HTEMP","Température élevée","BOTH","Deux sexes","ALL","Toutes","2019","2019","PC","Pourcentage","0","Unités",,,1.442649,,
"NPL","Népal","MOR_CAP","Décès prématurés, par million d'habitants","HTEMP","Température élevée","BOTH","Deux sexes","ALL","Toutes","2019","2019","1000000HAB","Pour 1 000 000 habitants","0","Unités",,,10.057,,
"NPL","Népal","SC_GDP","Coûts en bien-être des décès prématurés, % équivalent PIB","HTEMP","Température élevée","BOTH","Deux sexes","ALL","Toutes","2019","2019","PC","Pourcentage","0","Unités",,,0.1300082,,
"MNP","Iles Mariannes du Nord","MOR_CAP","Décès prématurés, par million d'habitants","HTEMP","Température élevée","BOTH","Deux sexes","ALL","Toutes","2019","2019","1000000HAB","Pour 1 000 000 habitants","0","Unités",,,52.141,,
"OMN","Oman","MOR_CAP","Décès prématurés, par million d'habitants","HTEMP","Température élevée","BOTH","Deux sexes","ALL","Toutes","2019","2019","1000000HAB","Pour 1 000 000 habitants","0","Unités",,,114.109,,
"OMN","Oman","SC_GDP","Coûts en bien-être des décès prématurés, % équivalent PIB","HTEMP","Température élevée","BOTH","Deux sexes","ALL","Toutes","2019","2019","PC","Pourcentage","0","Unités",,,1.118943,,
"PAK","Pakistan","MOR_CAP","Décès prématurés, par million d'habitants","HTEMP","Température élevée","BOTH","Deux sexes","ALL","Toutes","2019","2019","1000000HAB","Pour 1 000 000 habitants","0","Unités",,,99.098,,
"PAK","Pakistan","SC_GDP","Coûts en bien-être des décès prématurés, % équivalent PIB","HTEMP","Température élevée","BOTH","Deux sexes","ALL","Toutes","2019","2019","PC","Pourcentage","0","Unités",,,1.20914,,
"PHL","Philippines","MOR_CAP","Décès prématurés, par million d'habitants","HTEMP","Température élevée","BOTH","Deux sexes","ALL","Toutes","2019","2019","1000000HAB","Pour 1 000 000 habitants","0","Unités",,,47.885,,
"PHL","Philippines","SC_GDP","Coûts en bien-être des décès prématurés, % équivalent PIB","HTEMP","Température élevée","BOTH","Deux sexes","ALL","Toutes","2019","2019","PC","Pourcentage","0","Unités",,,0.5510774,,
"QAT","Qatar","MOR_CAP","Décès prématurés, par million d'habitants","HTEMP","Température élevée","BOTH","Deux sexes","ALL","Toutes","2019","2019","1000000HAB","Pour 1 000 000 habitants","0","Unités",,,65.255,,
"QAT","Qatar","SC_GDP","Coûts en bien-être des décès prématurés, % équivalent PIB","HTEMP","Température élevée","BOTH","Deux sexes","ALL","Toutes","2019","2019","PC","Pourcentage","0","Unités",,,0.5023866,,
"ROU","Roumanie","MOR_CAP","Décès prématurés, par million d'habitants","HTEMP","Température élevée","BOTH","Deux sexes","ALL","Toutes","2019","2019","1000000HAB","Pour 1 000 000 habitants","0","Unités",,,0.815,,
"ROU","Roumanie","SC_GDP","Coûts en bien-être des décès prématurés, % équivalent PIB","HTEMP","Température élevée","BOTH","Deux sexes","ALL","Toutes","2019","2019","PC","Pourcentage","0","Unités",,,0.009160663,,
"NLD","Pays-Bas","MOR_CAP","Décès prématurés, par million d'habitants","HTEMP","Température élevée","BOTH","Deux sexes","ALL","Toutes","2019","2019","1000000HAB","Pour 1 000 000 habitants","0","Unités",,,0.323,,
"NLD","Pays-Bas","SC_GDP","Coûts en bien-être des décès prématurés, % équivalent PIB","HTEMP","Température élevée","BOTH","Deux sexes","ALL","Toutes","2019","2019","PC","Pourcentage","0","Unités",,,0.003004626,,
"POL","Pologne","MOR_CAP","Décès prématurés, par million d'habitants","HTEMP","Température élevée","BOTH","Deux sexes","ALL","Toutes","2019","2019","1000000HAB","Pour 1 000 000 habitants","0","Unités",,,1.195,,
"POL","Pologne","SC_GDP","Coûts en bien-être des décès prématurés, % équivalent PIB","HTEMP","Température élevée","BOTH","Deux sexes","ALL","Toutes","2019","2019","PC","Pourcentage","0","Unités",,,0.01251512,,
"PRT","Portugal","MOR_CAP","Décès prématurés, par million d'habitants","HTEMP","Température élevée","BOTH","Deux sexes","ALL","Toutes","2019","2019","1000000HAB","Pour 1 000 000 habitants","0","Unités",,,3.77,,
"PRT","Portugal","SC_GDP","Coûts en bien-être des décès prématurés, % équivalent PIB","HTEMP","Température élevée","BOTH","Deux sexes","ALL","Toutes","2019","2019","PC","Pourcentage","0","Unités",,,0.03910679,,
"PLW","Palaos","MOR_CAP","Décès prématurés, par million d'habitants","HTEMP","Température élevée","BOTH","Deux sexes","ALL","Toutes","2019","2019","1000000HAB","Pour 1 000 000 habitants","0","Unités",,,77.703,,
"PLW","Palaos","SC_GDP","Coûts en bien-être des décès prématurés, % équivalent PIB","HTEMP","Température élevée","BOTH","Deux sexes","ALL","Toutes","2019","2019","PC","Pourcentage","0","Unités",,,0.9053483,,
"RUS","Russie","MOR_CAP","Décès prématurés, par million d'habitants","HTEMP","Température élevée","BOTH","Deux sexes","ALL","Toutes","2019","2019","1000000HAB","Pour 1 000 000 habitants","0","Unités",,,2.955,,
"RUS","Russie","SC_GDP","Coûts en bien-être des décès prématurés, % équivalent PIB","HTEMP","Température élevée","BOTH","Deux sexes","ALL","Toutes","2019","2019","PC","Pourcentage","0","Unités",,,0.03136399,,
"SYC","Seychelles","MOR_CAP","Décès prématurés, par million d'habitants","HTEMP","Température élevée","BOTH","Deux sexes","ALL","Toutes","2019","2019","1000000HAB","Pour 1 000 000 habitants","0","Unités",,,30.703,,
"SYC","Seychelles","SC_GDP","Coûts en bien-être des décès prématurés, % équivalent PIB","HTEMP","Température élevée","BOTH","Deux sexes","ALL","Toutes","2019","2019","PC","Pourcentage","0","Unités",,,0.3211287,,
"SLE","Sierra Leone","MOR_CAP","Décès prématurés, par million d'habitants","HTEMP","Température élevée","BOTH","Deux sexes","ALL","Toutes","2019","2019","1000000HAB","Pour 1 000 000 habitants","0","Unités",,,33.669,,
"SLE","Sierra Leone","SC_GDP","Coûts en bien-être des décès prématurés, % équivalent PIB","HTEMP","Température élevée","BOTH","Deux sexes","ALL","Toutes","2019","2019","PC","Pourcentage","0","Unités",,,0.3386118,,
"PAN","Panama","MOR_CAP","Décès prématurés, par million d'habitants","HTEMP","Température élevée","BOTH","Deux sexes","ALL","Toutes","2019","2019","1000000HAB","Pour 1 000 000 habitants","0","Unités",,,10.852,,
"PAN","Panama","SC_GDP","Coûts en bien-être des décès prématurés, % équivalent PIB","HTEMP","Température élevée","BOTH","Deux sexes","ALL","Toutes","2019","2019","PC","Pourcentage","0","Unités",,,0.1177941,,
"PNG","Papouasie-Nouvelle-Guinée","MOR_CAP","Décès prématurés, par million d'habitants","HTEMP","Température élevée","BOTH","Deux sexes","ALL","Toutes","2019","2019","1000000HAB","Pour 1 000 000 habitants","0","Unités",,,13.605,,
"PNG","Papouasie-Nouvelle-Guinée","SC_GDP","Coûts en bien-être des décès prématurés, % équivalent PIB","HTEMP","Température élevée","BOTH","Deux sexes","ALL","Toutes","2019","2019","PC","Pourcentage","0","Unités",,,0.1770709,,
"RWA","Rwanda","MOR_CAP","Décès prématurés, par million d'habitants","HTEMP","Température élevée","BOTH","Deux sexes","ALL","Toutes","2019","2019","1000000HAB","Pour 1 000 000 habitants","0","Unités",,,0.316,,
"RWA","Rwanda","SC_GDP","Coûts en bien-être des décès prématurés, % équivalent PIB","HTEMP","Température élevée","BOTH","Deux sexes","ALL","Toutes","2019","2019","PC","Pourcentage","0","Unités",,,0.003175803,,
"KNA","Saint-Kitts-et-Nevis","MOR_CAP","Décès prématurés, par million d'habitants","HTEMP","Température élevée","BOTH","Deux sexes","ALL","Toutes","2019","2019","1000000HAB","Pour 1 000 000 habitants","0","Unités",,,34.312,,
"KNA","Saint-Kitts-et-Nevis","SC_GDP","Coûts en bien-être des décès prématurés, % équivalent PIB","HTEMP","Température élevée","BOTH","Deux sexes","ALL","Toutes","2019","2019","PC","Pourcentage","0","Unités",,,0.3654466,,
"SMR","Saint-Marin","MOR_CAP","Décès prématurés, par million d'habitants","HTEMP","Température élevée","BOTH","Deux sexes","ALL","Toutes","2019","2019","1000000HAB","Pour 1 000 000 habitants","0","Unités",,,0.783,,
"SMR","Saint-Marin","SC_GDP","Coûts en bien-être des décès prématurés, % équivalent PIB","HTEMP","Température élevée","BOTH","Deux sexes","ALL","Toutes","2019","2019","PC","Pourcentage","0","Unités",,,0.007168567,,
"STP","Sao Tomé-et-Principe","MOR_CAP","Décès prématurés, par million d'habitants","HTEMP","Température élevée","BOTH","Deux sexes","ALL","Toutes","2019","2019","1000000HAB","Pour 1 000 000 habitants","0","Unités",,,7.485,,
"STP","Sao Tomé-et-Principe","SC_GDP","Coûts en bien-être des décès prématurés, % équivalent PIB","HTEMP","Température élevée","BOTH","Deux sexes","ALL","Toutes","2019","2019","PC","Pourcentage","0","Unités",,,0.09439598,,
"SEN","Sénégal","MOR_CAP","Décès prématurés, par million d'habitants","HTEMP","Température élevée","BOTH","Deux sexes","ALL","Toutes","2019","2019","1000000HAB","Pour 1 000 000 habitants","0","Unités",,,95.173,,
"SEN","Sénégal","SC_GDP","Coûts en bien-être des décès prématurés, % équivalent PIB","HTEMP","Température élevée","BOTH","Deux sexes","ALL","Toutes","2019","2019","PC","Pourcentage","0","Unités",,,1.205079,,
"SGP","Singapour","MOR_CAP","Décès prématurés, par million d'habitants","HTEMP","Température élevée","BOTH","Deux sexes","ALL","Toutes","2019","2019","1000000HAB","Pour 1 000 000 habitants","0","Unités",,,24.748,,
"SGP","Singapour","SC_GDP","Coûts en bien-être des décès prématurés, % équivalent PIB","HTEMP","Température élevée","BOTH","Deux sexes","ALL","Toutes","2019","2019","PC","Pourcentage","0","Unités",,,0.2021485,,
"SVK","République slovaque","MOR_CAP","Décès prématurés, par million d'habitants","HTEMP","Température élevée","BOTH","Deux sexes","ALL","Toutes","2019","2019","1000000HAB","Pour 1 000 000 habitants","0","Unités",,,1.191,,
"SVK","République slovaque","SC_GDP","Coûts en bien-être des décès prématurés, % équivalent PIB","HTEMP","Température élevée","BOTH","Deux sexes","ALL","Toutes","2019","2019","PC","Pourcentage","0","Unités",,,0.01226696,,
"CHE","Suisse","MOR_CAP","Décès prématurés, par million d'habitants","HTEMP","Température élevée","BOTH","Deux sexes","ALL","Toutes","2019","2019","1000000HAB","Pour 1 000 000 habitants","0","Unités",,,0.174,,
"CHE","Suisse","SC_GDP","Coûts en bien-être des décès prématurés, % équivalent PIB","HTEMP","Température élevée","BOTH","Deux sexes","ALL","Toutes","2019","2019","PC","Pourcentage","0","Unités",,,0.001587517,,
"PRY","Paraguay","MOR_CAP","Décès prématurés, par million d'habitants","HTEMP","Température élevée","BOTH","Deux sexes","ALL","Toutes","2019","2019","1000000HAB","Pour 1 000 000 habitants","0","Unités",,,38.424,,
"PRY","Paraguay","SC_GDP","Coûts en bien-être des décès prématurés, % équivalent PIB","HTEMP","Température élevée","BOTH","Deux sexes","ALL","Toutes","2019","2019","PC","Pourcentage","0","Unités",,,0.426468,,
"PER","Pérou","MOR_CAP","Décès prématurés, par million d'habitants","HTEMP","Température élevée","BOTH","Deux sexes","ALL","Toutes","2019","2019","1000000HAB","Pour 1 000 000 habitants","0","Unités",,,2.642,,
"PER","Pérou","SC_GDP","Coûts en bien-être des décès prématurés, % équivalent PIB","HTEMP","Température élevée","BOTH","Deux sexes","ALL","Toutes","2019","2019","PC","Pourcentage","0","Unités",,,0.02924119,,
"SAU","Arabie saoudite","MOR_CAP","Décès prématurés, par million d'habitants","HTEMP","Température élevée","BOTH","Deux sexes","ALL","Toutes","2019","2019","1000000HAB","Pour 1 000 000 habitants","0","Unités",,,98.27,,
"SAU","Arabie saoudite","SC_GDP","Coûts en bien-être des décès prématurés, % équivalent PIB","HTEMP","Température élevée","BOTH","Deux sexes","ALL","Toutes","2019","2019","PC","Pourcentage","0","Unités",,,0.8631762,,
"SVN","Slovénie","MOR_CAP","Décès prématurés, par million d'habitants","HTEMP","Température élevée","BOTH","Deux sexes","ALL","Toutes","2019","2019","1000000HAB","Pour 1 000 000 habitants","0","Unités",,,0.342,,
"SVN","Slovénie","SC_GDP","Coûts en bien-être des décès prématurés, % équivalent PIB","HTEMP","Température élevée","BOTH","Deux sexes","ALL","Toutes","2019","2019","PC","Pourcentage","0","Unités",,,0.003435205,,
"SLB","Îles Salomon","MOR_CAP","Décès prématurés, par million d'habitants","HTEMP","Température élevée","BOTH","Deux sexes","ALL","Toutes","2019","2019","1000000HAB","Pour 1 000 000 habitants","0","Unités",,,32.962,,
"SLB","Îles Salomon","SC_GDP","Coûts en bien-être des décès prématurés, % équivalent PIB","HTEMP","Température élevée","BOTH","Deux sexes","ALL","Toutes","2019","2019","PC","Pourcentage","0","Unités",,,0.43626,,
"ZAF","Afrique du Sud","MOR_CAP","Décès prématurés, par million d'habitants","HTEMP","Température élevée","BOTH","Deux sexes","ALL","Toutes","2019","2019","1000000HAB","Pour 1 000 000 habitants","0","Unités",,,5.126,,
"ZAF","Afrique du Sud","SC_GDP","Coûts en bien-être des décès prématurés, % équivalent PIB","HTEMP","Température élevée","BOTH","Deux sexes","ALL","Toutes","2019","2019","PC","Pourcentage","0","Unités",,,0.05707241,,
"SWE","Suède","MOR_CAP","Décès prématurés, par million d'habitants","HTEMP","Température élevée","BOTH","Deux sexes","ALL","Toutes","2019","2019","1000000HAB","Pour 1 000 000 habitants","0","Unités",,,0.182,,
"SWE","Suède","SC_GDP","Coûts en bien-être des décès prématurés, % équivalent PIB","HTEMP","Température élevée","BOTH","Deux sexes","ALL","Toutes","2019","2019","PC","Pourcentage","0","Unités",,,0.001723935,,
"LCA","Sainte-Lucie","MOR_CAP","Décès prématurés, par million d'habitants","HTEMP","Température élevée","BOTH","Deux sexes","ALL","Toutes","2019","2019","1000000HAB","Pour 1 000 000 habitants","0","Unités",,,45.637,,
"LCA","Sainte-Lucie","SC_GDP","Coûts en bien-être des décès prématurés, % équivalent PIB","HTEMP","Température élevée","BOTH","Deux sexes","ALL","Toutes","2019","2019","PC","Pourcentage","0","Unités",,,0.5008944,,
"SOM","Somalie","MOR_CAP","Décès prématurés, par million d'habitants","HTEMP","Température élevée","BOTH","Deux sexes","ALL","Toutes","2019","2019","1000000HAB","Pour 1 000 000 habitants","0","Unités",,,98.105,,
"SUR","Suriname","MOR_CAP","Décès prématurés, par million d'habitants","HTEMP","Température élevée","BOTH","Deux sexes","ALL","Toutes","2019","2019","1000000HAB","Pour 1 000 000 habitants","0","Unités",,,26.152,,
"SUR","Suriname","SC_GDP","Coûts en bien-être des décès prématurés, % équivalent PIB","HTEMP","Température élevée","BOTH","Deux sexes","ALL","Toutes","2019","2019","PC","Pourcentage","0","Unités",,,0.2941915,,
"SWZ","Eswatini","MOR_CAP","Décès prématurés, par million d'habitants","HTEMP","Température élevée","BOTH","Deux sexes","ALL","Toutes","2019","2019","1000000HAB","Pour 1 000 000 habitants","0","Unités",,,4.06,,
"SWZ","Eswatini","SC_GDP","Coûts en bien-être des décès prématurés, % équivalent PIB","HTEMP","Température élevée","BOTH","Deux sexes","ALL","Toutes","2019","2019","PC","Pourcentage","0","Unités",,,0.04649851,,
"SYR","République arabe syrienne","MOR_CAP","Décès prématurés, par million d'habitants","HTEMP","Température élevée","BOTH","Deux sexes","ALL","Toutes","2019","2019","1000000HAB","Pour 1 000 000 habitants","0","Unités",,,27.286,,
"TWN","Taipei chinois","MOR_CAP","Décès prématurés, par million d'habitants","HTEMP","Température élevée","BOTH","Deux sexes","ALL","Toutes","2019","2019","1000000HAB","Pour 1 000 000 habitants","0","Unités",,,8.365,,
"TJK","Tadjikistan","MOR_CAP","Décès prématurés, par million d'habitants","HTEMP","Température élevée","BOTH","Deux sexes","ALL","Toutes","2019","2019","1000000HAB","Pour 1 000 000 habitants","0","Unités",,,4.314,,
"TJK","Tadjikistan","SC_GDP","Coûts en bien-être des décès prématurés, % équivalent PIB","HTEMP","Température élevée","BOTH","Deux sexes","ALL","Toutes","2019","2019","PC","Pourcentage","0","Unités",,,0.04337468,,
"VCT","Saint-Vincent-et-les Grenadines","MOR_CAP","Décès prématurés, par million d'habitants","HTEMP","Température élevée","BOTH","Deux sexes","ALL","Toutes","2019","2019","1000000HAB","Pour 1 000 000 habitants","0","Unités",,,42.945,,
"VCT","Saint-Vincent-et-les Grenadines","SC_GDP","Coûts en bien-être des décès prématurés, % équivalent PIB","HTEMP","Température élevée","BOTH","Deux sexes","ALL","Toutes","2019","2019","PC","Pourcentage","0","Unités",,,0.481381,,
"WSM","Samoa","MOR_CAP","Décès prématurés, par million d'habitants","HTEMP","Température élevée","BOTH","Deux sexes","ALL","Toutes","2019","2019","1000000HAB","Pour 1 000 000 habitants","0","Unités",,,12.379,,
"WSM","Samoa","SC_GDP","Coûts en bien-être des décès prématurés, % équivalent PIB","HTEMP","Température élevée","BOTH","Deux sexes","ALL","Toutes","2019","2019","PC","Pourcentage","0","Unités",,,0.148249,,
"TZA","Tanzanie","MOR_CAP","Décès prématurés, par million d'habitants","HTEMP","Température élevée","BOTH","Deux sexes","ALL","Toutes","2019","2019","1000000HAB","Pour 1 000 000 habitants","0","Unités",,,8.701,,
"TZA","Tanzanie","SC_GDP","Coûts en bien-être des décès prématurés, % équivalent PIB","HTEMP","Température élevée","BOTH","Deux sexes","ALL","Toutes","2019","2019","PC","Pourcentage","0","Unités",,,0.1124978,,
"THA","Thaïlande","MOR_CAP","Décès prématurés, par million d'habitants","HTEMP","Température élevée","BOTH","Deux sexes","ALL","Toutes","2019","2019","1000000HAB","Pour 1 000 000 habitants","0","Unités",,,85.901,,
"THA","Thaïlande","SC_GDP","Coûts en bien-être des décès prématurés, % équivalent PIB","HTEMP","Température élevée","BOTH","Deux sexes","ALL","Toutes","2019","2019","PC","Pourcentage","0","Unités",,,0.9222448,,
"TLS","Timor-Leste","MOR_CAP","Décès prématurés, par million d'habitants","HTEMP","Température élevée","BOTH","Deux sexes","ALL","Toutes","2019","2019","1000000HAB","Pour 1 000 000 habitants","0","Unités",,,6.004,,
"TLS","Timor-Leste","SC_GDP","Coûts en bien-être des décès prématurés, % équivalent PIB","HTEMP","Température élevée","BOTH","Deux sexes","ALL","Toutes","2019","2019","PC","Pourcentage","0","Unités",,,0.07953347,,
"TGO","Togo","MOR_CAP","Décès prématurés, par million d'habitants","HTEMP","Température élevée","BOTH","Deux sexes","ALL","Toutes","2019","2019","1000000HAB","Pour 1 000 000 habitants","0","Unités",,,58.951,,
"TGO","Togo","SC_GDP","Coûts en bien-être des décès prématurés, % équivalent PIB","HTEMP","Température élevée","BOTH","Deux sexes","ALL","Toutes","2019","2019","PC","Pourcentage","0","Unités",,,0.5930414,,
"UKR","Ukraine","MOR_CAP","Décès prématurés, par million d'habitants","HTEMP","Température élevée","BOTH","Deux sexes","ALL","Toutes","2019","2019","1000000HAB","Pour 1 000 000 habitants","0","Unités",,,8.519,,
"UKR","Ukraine","SC_GDP","Coûts en bien-être des décès prématurés, % équivalent PIB","HTEMP","Température élevée","BOTH","Deux sexes","ALL","Toutes","2019","2019","PC","Pourcentage","0","Unités",,,0.09789713,,
"ARE","Émirats arabes unis","MOR_CAP","Décès prématurés, par million d'habitants","HTEMP","Température élevée","BOTH","Deux sexes","ALL","Toutes","2019","2019","1000000HAB","Pour 1 000 000 habitants","0","Unités",,,133.601,,
"ARE","Émirats arabes unis","SC_GDP","Coûts en bien-être des décès prématurés, % équivalent PIB","HTEMP","Température élevée","BOTH","Deux sexes","ALL","Toutes","2019","2019","PC","Pourcentage","0","Unités",,,1.125173,,
"KOR","Corée","MOR_CAP","Décès prématurés, par million d'habitants","HTEMP","Température élevée","BOTH","Deux sexes","ALL","Toutes","2019","2019","1000000HAB","Pour 1 000 000 habitants","0","Unités",,,4.573,,
"KOR","Corée","SC_GDP","Coûts en bien-être des décès prématurés, % équivalent PIB","HTEMP","Température élevée","BOTH","Deux sexes","ALL","Toutes","2019","2019","PC","Pourcentage","0","Unités",,,0.04377911,,
"ESP","Espagne","MOR_CAP","Décès prématurés, par million d'habitants","HTEMP","Température élevée","BOTH","Deux sexes","ALL","Toutes","2019","2019","1000000HAB","Pour 1 000 000 habitants","0","Unités",,,3.237,,
"ESP","Espagne","SC_GDP","Coûts en bien-être des décès prématurés, % équivalent PIB","HTEMP","Température élevée","BOTH","Deux sexes","ALL","Toutes","2019","2019","PC","Pourcentage","0","Unités",,,0.03252809,,
"GBR","Royaume-Uni","MOR_CAP","Décès prématurés, par million d'habitants","HTEMP","Température élevée","BOTH","Deux sexes","ALL","Toutes","2019","2019","1000000HAB","Pour 1 000 000 habitants","0","Unités",,,0.011,,
"GBR","Royaume-Uni","SC_GDP","Coûts en bien-être des décès prématurés, % équivalent PIB","HTEMP","Température élevée","BOTH","Deux sexes","ALL","Toutes","2019","2019","PC","Pourcentage","0","Unités",,,0.0001076123,,
"USA","États-Unis","MOR_CAP","Décès prématurés, par million d'habitants","HTEMP","Température élevée","BOTH","Deux sexes","ALL","Toutes","2019","2019","1000000HAB","Pour 1 000 000 habitants","0","Unités",,,7.307,,
"USA","États-Unis","SC_GDP","Coûts en bien-être des décès prématurés, % équivalent PIB","HTEMP","Température élevée","BOTH","Deux sexes","ALL","Toutes","2019","2019","PC","Pourcentage","0","Unités",,,0.06604767,,
"TKM","Turkménistan","MOR_CAP","Décès prématurés, par million d'habitants","HTEMP","Température élevée","BOTH","Deux sexes","ALL","Toutes","2019","2019","1000000HAB","Pour 1 000 000 habitants","0","Unités",,,35.013,,
"TKM","Turkménistan","SC_GDP","Coûts en bien-être des décès prématurés, % équivalent PIB","HTEMP","Température élevée","BOTH","Deux sexes","ALL","Toutes","2019","2019","PC","Pourcentage","0","Unités",,,0.3741564,,
"TUV","Tuvalu","MOR_CAP","Décès prématurés, par million d'habitants","HTEMP","Température élevée","BOTH","Deux sexes","ALL","Toutes","2019","2019","1000000HAB","Pour 1 000 000 habitants","0","Unités",,,131.56,,
"TUV","Tuvalu","SC_GDP","Coûts en bien-être des décès prématurés, % équivalent PIB","HTEMP","Température élevée","BOTH","Deux sexes","ALL","Toutes","2019","2019","PC","Pourcentage","0","Unités",,,1.638916,,
"UGA","Ouganda","MOR_CAP","Décès prématurés, par million d'habitants","HTEMP","Température élevée","BOTH","Deux sexes","ALL","Toutes","2019","2019","1000000HAB","Pour 1 000 000 habitants","0","Unités",,,7.715,,
"UGA","Ouganda","SC_GDP","Coûts en bien-être des décès prématurés, % équivalent PIB","HTEMP","Température élevée","BOTH","Deux sexes","ALL","Toutes","2019","2019","PC","Pourcentage","0","Unités",,,0.07750346,,
"URY","Uruguay","MOR_CAP","Décès prématurés, par million d'habitants","HTEMP","Température élevée","BOTH","Deux sexes","ALL","Toutes","2019","2019","1000000HAB","Pour 1 000 000 habitants","0","Unités",,,1.24,,
"URY","Uruguay","SC_GDP","Coûts en bien-être des décès prématurés, % équivalent PIB","HTEMP","Température élevée","BOTH","Deux sexes","ALL","Toutes","2019","2019","PC","Pourcentage","0","Unités",,,0.0137025,,
"LKA","Sri Lanka","MOR_CAP","Décès prématurés, par million d'habitants","HTEMP","Température élevée","BOTH","Deux sexes","ALL","Toutes","2019","2019","1000000HAB","Pour 1 000 000 habitants","0","Unités",,,71.301,,
"LKA","Sri Lanka","SC_GDP","Coûts en bien-être des décès prématurés, % équivalent PIB","HTEMP","Température élevée","BOTH","Deux sexes","ALL","Toutes","2019","2019","PC","Pourcentage","0","Unités",,,0.8029606,,
"SDN","Soudan","MOR_CAP","Décès prématurés, par million d'habitants","HTEMP","Température élevée","BOTH","Deux sexes","ALL","Toutes","2019","2019","1000000HAB","Pour 1 000 000 habitants","0","Unités",,,90.954,,
"SDN","Soudan","SC_GDP","Coûts en bien-être des décès prématurés, % équivalent PIB","HTEMP","Température élevée","BOTH","Deux sexes","ALL","Toutes","2019","2019","PC","Pourcentage","0","Unités",,,0.915395,,
"UZB","Ouzbékistan","MOR_CAP","Décès prématurés, par million d'habitants","HTEMP","Température élevée","BOTH","Deux sexes","ALL","Toutes","2019","2019","1000000HAB","Pour 1 000 000 habitants","0","Unités",,,32.859,,
"UZB","Ouzbékistan","SC_GDP","Coûts en bien-être des décès prématurés, % équivalent PIB","HTEMP","Température élevée","BOTH","Deux sexes","ALL","Toutes","2019","2019","PC","Pourcentage","0","Unités",,,0.3808929,,
"VUT","Vanuatu","MOR_CAP","Décès prématurés, par million d'habitants","HTEMP","Température élevée","BOTH","Deux sexes","ALL","Toutes","2019","2019","1000000HAB","Pour 1 000 000 habitants","0","Unités",,,9.045,,
"VUT","Vanuatu","SC_GDP","Coûts en bien-être des décès prématurés, % équivalent PIB","HTEMP","Température élevée","BOTH","Deux sexes","ALL","Toutes","2019","2019","PC","Pourcentage","0","Unités",,,0.1163296,,
"VEN","Venezuela","MOR_CAP","Décès prématurés, par million d'habitants","HTEMP","Température élevée","BOTH","Deux sexes","ALL","Toutes","2019","2019","1000000HAB","Pour 1 000 000 habitants","0","Unités",,,65.259,,
"VEN","Venezuela","SC_GDP","Coûts en bien-être des décès prématurés, % équivalent PIB","HTEMP","Température élevée","BOTH","Deux sexes","ALL","Toutes","2019","2019","PC","Pourcentage","0","Unités",,,0.7878671,,
"ZWE","Zimbabwe","MOR_CAP","Décès prématurés, par million d'habitants","HTEMP","Température élevée","BOTH","Deux sexes","ALL","Toutes","2019","2019","1000000HAB","Pour 1 000 000 habitants","0","Unités",,,22.274,,
"ZWE","Zimbabwe","SC_GDP","Coûts en bien-être des décès prématurés, % équivalent PIB","HTEMP","Température élevée","BOTH","Deux sexes","ALL","Toutes","2019","2019","PC","Pourcentage","0","Unités",,,0.3059028,,
"PSE","Autorité palestinienne ou Cisjordanie et bande de Gaza","MOR_CAP","Décès prématurés, par million d'habitants","HTEMP","Température élevée","BOTH","Deux sexes","ALL","Toutes","2019","2019","1000000HAB","Pour 1 000 000 habitants","0","Unités",,,7.029,,
"PSE","Autorité palestinienne ou Cisjordanie et bande de Gaza","SC_GDP","Coûts en bien-être des décès prématurés, % équivalent PIB","HTEMP","Température élevée","BOTH","Deux sexes","ALL","Toutes","2019","2019","PC","Pourcentage","0","Unités",,,0.08780689,,
"TON","Tonga","MOR_CAP","Décès prématurés, par million d'habitants","HTEMP","Température élevée","BOTH","Deux sexes","ALL","Toutes","2019","2019","1000000HAB","Pour 1 000 000 habitants","0","Unités",,,18.784,,
"TON","Tonga","SC_GDP","Coûts en bien-être des décès prématurés, % équivalent PIB","HTEMP","Température élevée","BOTH","Deux sexes","ALL","Toutes","2019","2019","PC","Pourcentage","0","Unités",,,0.2260303,,
"TTO","Trinité-et-Tobago","MOR_CAP","Décès prématurés, par million d'habitants","HTEMP","Température élevée","BOTH","Deux sexes","ALL","Toutes","2019","2019","1000000HAB","Pour 1 000 000 habitants","0","Unités",,,23.542,,
"TTO","Trinité-et-Tobago","SC_GDP","Coûts en bien-être des décès prématurés, % équivalent PIB","HTEMP","Température élevée","BOTH","Deux sexes","ALL","Toutes","2019","2019","PC","Pourcentage","0","Unités",,,0.2447004,,
"ZMB","Zambie","MOR_CAP","Décès prématurés, par million d'habitants","HTEMP","Température élevée","BOTH","Deux sexes","ALL","Toutes","2019","2019","1000000HAB","Pour 1 000 000 habitants","0","Unités",,,9.029,,
"ZMB","Zambie","SC_GDP","Coûts en bien-être des décès prématurés, % équivalent PIB","HTEMP","Température élevée","BOTH","Deux sexes","ALL","Toutes","2019","2019","PC","Pourcentage","0","Unités",,,0.1136355,,
"SRB","Serbie","MOR_CAP","Décès prématurés, par million d'habitants","HTEMP","Température élevée","BOTH","Deux sexes","ALL","Toutes","2019","2019","1000000HAB","Pour 1 000 000 habitants","0","Unités",,,0.913,,
"SRB","Serbie","SC_GDP","Coûts en bien-être des décès prématurés, % équivalent PIB","HTEMP","Température élevée","BOTH","Deux sexes","ALL","Toutes","2019","2019","PC","Pourcentage","0","Unités",,,0.01015781,,
"TUR","Turquie","MOR_CAP","Décès prématurés, par million d'habitants","HTEMP","Température élevée","BOTH","Deux sexes","ALL","Toutes","2019","2019","1000000HAB","Pour 1 000 000 habitants","0","Unités",,,4.953,,
"TUR","Turquie","SC_GDP","Coûts en bien-être des décès prématurés, % équivalent PIB","HTEMP","Température élevée","BOTH","Deux sexes","ALL","Toutes","2019","2019","PC","Pourcentage","0","Unités",,,0.052066,,
"TUN","Tunisie","MOR_CAP","Décès prématurés, par million d'habitants","HTEMP","Température élevée","BOTH","Deux sexes","ALL","Toutes","2019","2019","1000000HAB","Pour 1 000 000 habitants","0","Unités",,,27.747,,
"TUN","Tunisie","SC_GDP","Coûts en bien-être des décès prématurés, % équivalent PIB","HTEMP","Température élevée","BOTH","Deux sexes","ALL","Toutes","2019","2019","PC","Pourcentage","0","Unités",,,0.3116286,,
"VNM","Viet Nam","MOR_CAP","Décès prématurés, par million d'habitants","HTEMP","Température élevée","BOTH","Deux sexes","ALL","Toutes","2019","2019","1000000HAB","Pour 1 000 000 habitants","0","Unités",,,44.142,,
"VNM","Viet Nam","SC_GDP","Coûts en bien-être des décès prématurés, % équivalent PIB","HTEMP","Température élevée","BOTH","Deux sexes","ALL","Toutes","2019","2019","PC","Pourcentage","0","Unités",,,0.5202122,,
"VIR","Iles Vierges des +tats-Unis","MOR_CAP","Décès prématurés, par million d'habitants","HTEMP","Température élevée","BOTH","Deux sexes","ALL","Toutes","2019","2019","1000000HAB","Pour 1 000 000 habitants","0","Unités",,,42.456,,
"YEM","Yémen","MOR_CAP","Décès prématurés, par million d'habitants","HTEMP","Température élevée","BOTH","Deux sexes","ALL","Toutes","2019","2019","1000000HAB","Pour 1 000 000 habitants","0","Unités",,,95.649,,
"YEM","Yémen","SC_GDP","Coûts en bien-être des décès prématurés, % équivalent PIB","HTEMP","Température élevée","BOTH","Deux sexes","ALL","Toutes","2019","2019","PC","Pourcentage","0","Unités",,,0.9615469,,
"MNE","MontTnTgro","MOR_CAP","Décès prématurés, par million d'habitants","HTEMP","Température élevée","BOTH","Deux sexes","ALL","Toutes","2019","2019","1000000HAB","Pour 1 000 000 habitants","0","Unités",,,0.388,,
"MNE","MontTnTgro","SC_GDP","Coûts en bien-être des décès prématurés, % équivalent PIB","HTEMP","Température élevée","BOTH","Deux sexes","ALL","Toutes","2019","2019","PC","Pourcentage","0","Unités",,,0.004249992,,
"SSD","Soudan du Sud","MOR_CAP","Décès prématurés, par million d'habitants","HTEMP","Température élevée","BOTH","Deux sexes","ALL","Toutes","2019","2019","1000000HAB","Pour 1 000 000 habitants","0","Unités",,,100.865,,
